Tag,Color,Type,Tier,Social Hierarchy,Religion,Cultures,Capital,Is Named From Capital,Valid As Home Country For Separatists,Primary Unit Color,Secondary Unit Color,Tertiary Unit Color
ドイツ,#93826E,承認国,帝国,,,"北ドイツ, 南ドイツ",ブランデンブルク,False,,,,
イギリス,#E5444E,承認国,帝国,,,"イングランド, スコットランド",ホームカウンティー,False,,,,
スカンジナビア,#3E7ABD,承認国,帝国,,,"スウェーデン, ノルウェー, デンマーク, アイスランド",スヴェアランド,False,,,,
ロシア,#2F5B12,承認国,帝国,,,ロシア,イングリア,False,,,,
フランス,#1432D2,承認国,帝国,,,フランス,イル＝ド＝フランス,False,,,,
プロイセン,#003153,承認国,王国,,,北ドイツ,ブランデンブルク,False,,,,
ヴェストファーレン,#055505,承認国,公国,,,北ドイツ,ヴェストファーレン,True,,,,
ポメラニア,#B13322,承認国,公国,,,北ドイツ,ポメラニア,True,,,,
オーストリア,#D3DCF0,承認国,帝国,,,南ドイツ,オーストリア,False,,#D3DCF0,#5E78A5,#141414
アメリカ,#425EC1,承認国,帝国,,,"ヤンキー, ディキシー",コロンビア特別区,False,,#141478,#96BED2,#05055A
アメリカ連合国,#BEBACA,承認国,王国,,,ディキシー,ヴァージニア,False,,,,
アメリカ自由州,#6A7CF3,承認国,王国,,,ヤンキー,ニューヨーク,False,,,,
新アフリカ,#D4648D,承認国,王国,,,アフリカ系アメリカ,ジョージア,False,,,,
ルイジアナ,#353490,承認国,公国,,,"ケイジャン, アフリカ系アンティル",ルイジアナ,False,,,,
アンゴラ・ジャンガ,#6F38C8,承認国,王国,,,アフリカ系ブラジル,ペルナンブーコ,False,,,,
アマゾン,#2A6640,非承認国家,王国,,,アマゾン,アマゾナス,False,,,,
グアラニー,#CB2053,非承認国家,王国,,,グアラニー,アマゾナス,False,,,,
日本,#C2353C,非承認国家,帝国,,,日本,関西,False,,,,
イタリア,#7DAB54,承認国,帝国,,,"北イタリア, 南イタリア",ラツィオ,False,,,,
ドナウ,#BE5A5F,承認国,帝国,,,"南ドイツ, ハンガリー, ルーマニア, クロアチア, チェコ, スロバキア, スロベニア",ハンガリー大平原,False,,,,
デンマーク,#7F1979,承認国,王国,,,デンマーク,シェラン,False,,,,
フィンランド,#CDD4E4,承認国,大公国,,,"フィンランド, スウェーデン",ウーシマー,False,,,,
ノルウェー,#75A5BC,承認国,王国,,,ノルウェー,東ノルウェー,False,,,,
スウェーデン,#5782C7,承認国,王国,,,スウェーデン,スヴェアランド,False,,,,
スコーネ,#FBA116,承認国,公国,,,スウェーデン,スコーネ,True,,,,
ベルギー,#EBC87F,承認国,王国,,,"フランドル, ワロン",フランドル,False,,,,
カタルーニャ,#D5844C,承認国,公国,,,カタルーニャ,カタルーニャ,True,,,,
フランドル,#2B8DAC,承認国,公国,,,フランドル,フランドル,True,,,,
アイルランド,#709669,承認国,王国,,,アイルランド,レンスター,False,,,,
オランダ,#CC5F28,承認国,王国,,,オランダ,ホランド,False,,,,
ポルトガル,#1C5294,承認国,王国,,,ポルトガル,エストレマドゥーラ,False,,,,
スコットランド,#C7AF0C,承認国,王国,,,"スコットランド, ゲール",ローランド,False,,,,
アルバ,#008CE6,承認国,王国,,,ゲール,ハイランド,False,,,,
イングランド,#B4633A,承認国,王国,,,イングランド,ホームカウンティー,False,,,,
アルスター,#CC5428,承認国,公国,,プロテスタント,"スコットランド, アイルランド",アルスター,True,,,,
ウェールズ,#797E94,承認国,公国,,,ウェールズ,ウェールズ,True,,,,
ナバラ,#FCE93A,承認国,王国,,,バスク,バスク州,True,,,,
スペイン,#D38806,承認国,王国,,,スペイン,新カスティーリャ,False,,,,
ワロン,#838D8E,承認国,公国,,,ワロン,ワロン,True,,,,
アンハルト,#CB5D7C,承認国,公国,,,北ドイツ,アンハルト,True,,,,
バーデン,#76E5D7,承認国,大公国,,,南ドイツ,バーデン,True,,,,
バイエルン,#79AFEB,承認国,王国,,,南ドイツ,バイエルン,True,,,,
ブラウンシュヴァイク,#745C27,承認国,公国,,,北ドイツ,ブラウンシュヴァイク,True,,,,
ブレーメン,#216589,承認国,都市国家,,,北ドイツ,エルベ,False,,,,
ダンツィヒ,#4E8197,承認国,都市国家,,,北ドイツ,西プロイセン,False,,,,
フランクフルト,#F3C921,承認国,都市国家,,,北ドイツ,ヘッセ,False,,,,
ハンブルク,#689447,承認国,都市国家,,,北ドイツ,エルベ,False,,,,
ハノーファー,#A4D97F,承認国,王国,,,北ドイツ,ハノーファー,True,,,,
ヘッセン,#926C92,承認国,大公国,,,北ドイツ,ヘッセ,True,,,,
ホルシュタイン,#DC969E,承認国,公国,,,北ドイツ,シュレースヴィヒ＝ホルシュタイン,True,,,,
リューベック,#30A433,承認国,都市国家,,,北ドイツ,シュレースヴィヒ＝ホルシュタイン,False,,,,
ルクセンブルク,#358C49,承認国,大公国,,,"ワロン, 北ドイツ",ワロン,False,,,,
メクレンブルク,#CF6F40,承認国,大公国,,,北ドイツ,メクレンブルク,True,,,,
ナッサウ,#6B5EA9,承認国,公国,,,北ドイツ,ヘッセ,False,,,,
オルデンブルク,#938276,承認国,大公国,,,北ドイツ,ハノーファー,False,,,,
ザクセン,#9B93B4,承認国,王国,,,北ドイツ,ザクセン,True,,,,
ヴュルテンベルク,#6FA280,承認国,王国,,プロテスタント,南ドイツ,ヴュルテンベルク,True,,,,
ロンバルディア,#926C92,承認国,公国,,,北イタリア,ロンバルディア,True,,,,
ルッカ,#72ABB8,承認国,公国,,,北イタリア,エミリア,False,,,,
モデナ,#F1FC97,承認国,公国,,,北イタリア,エミリア,False,,,,
ローマ,#D3DCB2,承認国,王国,,,"南イタリア, 北イタリア",ラツィオ,False,,,,
パルマ,#80CA81,承認国,公国,,,北イタリア,エミリア,False,,,,
グラン・パラ,#80CA81,承認国,公国,,カトリック,アマゾニック,パラー,False,,,,
サルデーニャ＝ピエモンテ,#7592A7,承認国,王国,,,北イタリア,ピエモンテ,True,,,,
両シチリア,#49984C,承認国,王国,,,南イタリア,カンパニア,False,,,,
トリエステ,#D0682C,承認国,公国,,,北イタリア,イストリア,False,,,,
トスカーナ,#546088,承認国,公国,,,北イタリア,トスカーナ,True,,,,
ヴェネツィア,#B40C01,承認国,公国,,,北イタリア,ヴェネツィア,True,,,,
ボヘミア,#A18B28,承認国,公国,,,チェコ,ボヘミア,True,,,,
クラクフ,#8AC1E7,承認国,都市国家,,,ポーランド,西ガリツィア,False,,,,
クリミア,#C8CA55,非承認国家,公国,,,タタール,クリミア,True,,,,
エストニア,#638999,承認国,公国,,,エストニア,タリン,False,,,,
ハンガリー,#98555C,承認国,王国,,,ハンガリー,ハンガリー大平原,False,,#AA7553,#C6C4CF,#141414
リトアニア,#9A4574,承認国,公国,,,リトアニア,リトアニア,False,,,,
ラトビア,#6D1D50,承認国,公国,,,ラトビア,南リボニア,False,,,,
ポーランド,#C55C6A,承認国,王国,,,ポーランド,ワルシャワ,False,,,,
ガリツィア・ロドメリア,#0D5182,承認国,公国,,,"ポーランド, ウクライナ",東ガリツィア,False,,,,
スロバキア,#9EA1BC,承認国,公国,,,スロバキア,スロバキア,False,,,,
スイス,#A52D26,承認国,王国,,プロテスタント,"アレマン, フランコ・プロヴァンサル",西スイス,False,,,,
トランシルヴァニア,#D3CFAD,承認国,公国,,,"ゼクラー, ハンガリー, ルーマニア, 南ドイツ",南トランシルヴァニア,False,,,,
ウクライナ,#3E5AF0,承認国,王国,,,ウクライナ,キーウ,False,,,,
チェコスロバキア,#2B59CA,承認国,王国,,,"チェコ, スロバキア",ボヘミア,False,,,,
アルバニア,#B5486A,承認国,公国,,,アルバニア,アルバニア,True,,,,
ボスニア・ヘルツェゴヴィナ,#F0A782,承認国,公国,,,ボスニア,ボスニア,True,,,,
ブルガリア,#746B8C,承認国,王国,,,ブルガリア,ブルガリア,False,,,,
クレタ,#A56F9F,承認国,公国,,,ギリシャ,クレタ,True,,,,
クロアチア,#FF7EF2,承認国,王国,,,クロアチア,クロアチア,True,,,,
キプロス,#4E4B27,承認国,公国,,,ギリシャ,キプロス,True,,,,
ギリシャ,#7AB4D2,承認国,王国,,,ギリシャ,アッティカ,False,,,,
イオニア諸島,#998D75,承認国,公国,,,ギリシャ,イオニア諸島,True,,,,
モルダヴィア,#889D17,承認国,公国,,,ルーマニア,モルダヴィア,True,,,,
モンテネグロ,#276C8C,承認国,公国,,,セルビア,モンテネグロ,True,,,,
ルーマニア,#1560B2,承認国,王国,,,ルーマニア,ワラキア,False,BlockPropertyNode: valid_as_home_country_for_separatists = { 1 children } at [14626..14681),,,
セルビア,#A64839,承認国,王国,,,セルビア,西セルビア,False,,,,
スロベニア,#415B7E,承認国,公国,,,スロベニア,スロベニア,True,,,,
トルコ,#AACEA2,承認国,帝国,,,トルコ,東トラキア,False,,,,
ワラキア,#A17E80,承認国,公国,,,ルーマニア,ワラキア,True,,,,
ユーゴスラビア,#323C64,承認国,帝国,,,"セルビア, クロアチア, スロベニア, ボスニア, ブルガリア",西セルビア,False,,,,
休戦オマーン,#717060,非承認国家,公国,,,ベドウィン,休戦海岸,True,,,,
アフガニスタン,#5C9498,非承認国家,王国,,,"パシュトゥーン, タジク",カブリスタン,False,,,,
アルメニア,#803F80,承認国,王国,,,アルメニア,アルメニア,True,,,,
ダゲスタン,#38AC20,承認国,王国,,,北カフカース,ダゲスタン,True,,,,
アゼルバイジャン,#AC3820,承認国,王国,,,アゼルバイジャン,バクー,True,,,,
ブハラ,#9352AD,非承認国家,公国,,,ウズベク,ウズベキスタン,False,,,,
ジョージア,#D22D2D,承認国,王国,,,ジョージア,チフリス,True,,,,
ヒジャーズ,#79E5D7,非承認国家,公国,,スンナ派,ベドウィン,ヒジャーズ,False,,,,
イラク,#7A846E,非承認国家,王国,,,マシュリク,バグダード,False,,,,
ヒヴァ,#BC7B67,非承認国家,公国,,,ウズベク,ホラスミア,False,,,,
コーカンド,#778291,非承認国家,公国,,,キルギス,フェルガナ,False,,,,
カザフスタン,#6E96BE,非承認国家,王国,,,カザフ,セミパラチンスク,False,,,,
ヒンドゥスターン,#216030,非承認国家,帝国,イギリス領インドのカースト制度,スンナ派,ヒンドゥスターン,デリー,False,,,,
ナジュド,#D1DB74,非承認国家,公国,,,ベドウィン,ナジュド,True,,,,
オマーン,#628699,非承認国家,王国,,イバード派,ベドウィン,オマーン,True,,,,
ペルシア,#3C96E6,非承認国家,帝国,,,ペルシア,エラクエ・アジャミ,False,,,,
ジャバル・シャンマル,#B73E3E,非承認国家,公国,,,ベドウィン,ハーイル,False,,,,
イエメン,#FFBFBF,非承認国家,王国,,,"イエメン, ベドウィン",イエメン,True,,,,
マフラ,#00994C,非承認国家,公国,,,"ベドウィン, イエメン",イエメン,False,,,,
カスィーリー,#4F9840,非承認国家,公国,,,"ベドウィン, イエメン",イエメン,False,,,,
アザル,#994C00,非承認国家,公国,,,"イエメン, ベドウィン",イエメン,False,,,,
ラヒジュ,#D12929,非承認国家,公国,,スンナ派,"ベドウィン, イエメン",イエメン,False,,,,
バーレーン,#A93333,非承認国家,公国,,,ベドウィン,休戦海岸,False,,,,
インド,#964DF0,非承認国家,帝国,,,"マラーター, ビハール, タミル, オリア, グジャラート",デリー,False,,,,
アワド,#7AB361,非承認国家,公国,イギリス領インドのカースト制度,シーア派,アワディー,アウド,False,,,,
バスタール,#1532D4,非承認国家,公国,イギリス領インドのカースト制度,,"ゴーンディー, テルグ",中央州,False,,,,
バローダ,#F58B7F,非承認国家,公国,イギリス領インドのカースト制度,,"グジャラート, マラーター",グジャラート,False,,,,
ボーパール,#9A8123,非承認国家,公国,イギリス領インドのカースト制度,,"マラーター, パサン",マールワー,False,,,,
ビーカーネール,#FFD0AA,非承認国家,公国,,,ラージプート,ラージプーターナー,False,,,,
オーチャ,#17728F,非承認国家,公国,イギリス領インドのカースト制度,,ブンデールカンド,ブンデールカンド,False,,,,
グワーリヤル,#99ED91,非承認国家,公国,イギリス領インドのカースト制度,,"マラーター, ブンデールカンド",マールワー,False,,,,
ハイデラバード,#598D8C,非承認国家,公国,イギリス領インドのカースト制度,,ダッキニー,ハイデラバード,True,,,,
ベンガル,#246DC2,非承認国家,王国,,,ベンガル,東ベンガル,False,,,,
インドール,#80AA3F,非承認国家,公国,イギリス領インドのカースト制度,,マラーター,マールワー,False,,,,
ドゥンダル,#4F59B6,非承認国家,公国,イギリス領インドのカースト制度,,ラージプート,ラージプーターナー,False,,,,
ジャイサルメール,#638999,非承認国家,公国,イギリス領インドのカースト制度,,ラージプート,ラージプーターナー,False,,,,
マールワール,#68CF8C,非承認国家,公国,イギリス領インドのカースト制度,,ラージプート,ラージプーターナー,False,,,,
カラート,#6162C3,非承認国家,公国,,,バローチ,バルーチスターン,False,,,,
カシミール,#3F961E,非承認国家,公国,,,カシミール,カシミール,False,,,,
カッチ,#A3424A,非承認国家,公国,イギリス領インドのカースト制度,,グジャラート,グジャラート,False,,,,
ラダック,#31AFBF,非承認国家,公国,,,チベット,カシミール,False,,,,
マクラン,#DB92A2,非承認国家,公国,,,バローチ,バルーチスターン,False,,,,
メーワール,#8B8316,非承認国家,公国,イギリス領インドのカースト制度,,ラージプート,ラージプーターナー,False,,,,
マイソール,#ECF2F3,非承認国家,公国,イギリス領インドのカースト制度,,カンナダ,マイソール,True,,,,
ナーグプル,#78948C,非承認国家,公国,イギリス領インドのカースト制度,,マラーター,中央州,True,,,,
ネパール,#89B77C,非承認国家,王国,,,ネパール,西ヒマラヤ,False,,,,
オリッサ,#D26A2F,非承認国家,王国,,,オリア,オリッサ,True,,,,
潘,#FF7722,非承認国家,王国,,,パンジャーブ,パンジャーブ,True,,,,
シッキム,#8B8AA0,非承認国家,公国,,,チベット,東ヒマラヤ,False,,,,
シンド,#876855,非承認国家,公国,,,シンド,シンド,True,,,,
トラヴァンコール,#86A675,非承認国家,公国,イギリス領インドのカースト制度,,マラヤーラム,マラバル,True,,,,
アチェ,#49984C,非承認国家,公国,,,スマトラ,アチェ,True,,,,
バリ,#C9614A,非承認国家,公国,,,"バリ, モルッカ",スンダ列島,False,,,,
ブータン,#5DB44C,非承認国家,公国,,,チベット,東ヒマラヤ,False,,,,
蘭芳,#8D59AE,非承認国家,公国,,,客家,西ボルネオ,False,,,,
ブルネイ,#2959AE,非承認国家,公国,,,ボルネオ,北ボルネオ,False,,,,
ビルマ,#6DA87F,非承認国家,王国,,,ビルマ,マンダレー,False,,,,
カンボジア,#7FB43C,非承認国家,王国,,,クメール,カンボジア,False,,,,
中国,#FCB93D,非承認国家,帝国,,,"満州, 漢",北京,False,,,,
ベトナム,#88755A,非承認国家,王国,,儒教,ベトナム,アンナム,False,,,,
ジャワ,#A4D97F,非承認国家,公国,,,ジャワ,西ジャワ,True,,,,
朝鮮,#9D9061,非承認国家,王国,,,朝鮮,京畿,False,,,,
ラオス,#BC0F2D,非承認国家,王国,,,ラオス,ラオス,True,,,,
ルアンパバーン,#5D9358,非承認国家,公国,,,ラオス,ラオス,False,,,,
チャンパーサック,#4B7063,非承認国家,公国,,,ラオス,ラオス,False,,,,
ヴィエンチャン,#97AE1C,非承認国家,公国,,,ラオス,ラオス,False,,,,
ジョホール,#A59750,非承認国家,公国,,,マレー,マラヤ,False,,,,
シャム,#5889AC,非承認国家,王国,,,タイ,バンコク,False,,,,
チェンマイ,#1110CB,非承認国家,公国,,,"タイ, シャン",チェンマイ,False,,,,
チベット,#417FBA,非承認国家,王国,,,チベット,ラサ,False,,,,
モンゴル,#FFE07C,非承認国家,王国,,,モンゴル,ウルガ,False,,,,
心,#FFEAAE,非承認国家,王国,,,ウイグル,タリム盆地,False,,,,
フィリピン,#5C577A,植民地国家,王国,,,"フィリピン・メスティーソ, タガログ, イロカノ, ビサヤ",ルソン,False,,,,
満州,#FFFE7C,非承認国家,王国,,,満州,南吉林,True,,,,
カリフォルニア,#90B56A,承認国,公国,,,"ヤンキー, メキシコ",カリフォルニア,False,,,,
カナダ,#71353F,植民地国家,王国,,,"イギリス系カナダ, フランス・カナダ",オンタリオ,False,,,,
チェロキー,#699128,非承認国家,公国,,,チェロキー,アーカンソー,False,,,,
コロンビア,#C67185,植民地国家,公国,,,イングランド,北コロンビア,False,,,,
コスタリカ,#CF483C,承認国,公国,,,中央アメリカ,コスタリカ,True,,,,
キューバ,#57C0CC,植民地国家,公国,,,カリベニョ,西キューバ,True,,,,
デザレット,#7D5C6E,承認国,公国,,,"ヤンキー, ディキシー",ユタ,False,,,,
サントドミンゴ,#5DC27A,承認国,公国,,,"カリベニョ, アフリカ系カリベニョ",サント・ドミンゴ,True,,,,
エルサルバドル,#002F5E,承認国,公国,,,中央アメリカ,サンサルバドル,True,,,,
グアテマラ,#73C2FB,承認国,公国,,,中央アメリカ,グアテマラ,True,,,,
ロスアルトス,#73FBC2,承認国,公国,,,中央アメリカ,グアテマラ,False,,,,
ハイチ,#8BB3CF,承認国,公国,,,アフリカ系アンティル,ハイチ,False,,,,
アンティル連邦,#73ECFA,承認国,王国,,,"カリベニョ, アフリカ系カリベニョ",サント・ドミンゴ,False,,,,
メキシコ,#388F35,承認国,王国,,,メキシコ,メキシコ,True,,,,
メティス,#DDBAA3,非承認国家,公国,,,メティス,マニトバ,False,,,,
ホンジュラス,#EBF0F7,承認国,公国,,,中央アメリカ,ホンジュラス,True,,,,
ニューイングランド,#A6E055,承認国,大公国,,,ヤンキー,マサチューセッツ,False,,,,
ニューファンドランド,#FFD338,植民地国家,公国,,,イギリス系カナダ,ニューファンドランド,True,,,,
ニカラグア,#2258BA,承認国,公国,,,中央アメリカ,ニカラグア,True,,,,
パナマ,#96553D,承認国,公国,,,中央アメリカ,パナマ,True,,,,
ケベック,#C28C56,植民地国家,公国,,,フランス・カナダ,ケベック,True,,,,
ハドソン湾会社,#635B45,植民地国家,公国,,,イギリス系カナダ,マニトバ,False,,,,
オンタリオ,#88485B,植民地国家,公国,,,イギリス系カナダ,オンタリオ,True,,,,
ニューブランズウィック,#EBC480,植民地国家,公国,,,"イギリス系カナダ, フランス・カナダ",沿海州,False,,,,
ノバスコシア,#94CD87,植民地国家,公国,,,イギリス系カナダ,沿海州,False,,,,
テキサス,#042768,承認国,公国,,,ディキシー,テキサス,True,,,,
中央アメリカ,#5AAFFF,承認国,王国,,,中央アメリカ,サンサルバドル,False,,,,
アルゼンチン,#6566A3,承認国,王国,,,プラティニア,ブエノスアイレス,False,,,,
ボリビア,#DBB6B6,承認国,王国,,,南アンデス,ラパス,False,,,,
ブラジル,#269B53,承認国,帝国,,,ブラジル,リオデジャネイロ,False,,,,
チリ,#EC9F59,承認国,王国,,,南アンデス,サンティアゴ,False,,,,
コロンビア,#FFEAA8,承認国,王国,,,北アンデス,クンディナマルカ,False,,,,
エクアドル,#2B8DAC,承認国,公国,,,北アンデス,エクアドル,True,,,,
ペルー,#7C8CA2,承認国,王国,,,南アンデス,リマ,False,,,,
パラグアイ,#B12C1D,承認国,公国,,,"プラティニア, グアラニー",バホ・パラグアイ,False,,,,
ウルグアイ,#836555,承認国,公国,,,プラティニア,ウルグアイ,True,,,,
ベネズエラ,#FFB08C,承認国,王国,,,北アンデス,ミランダ,False,,,,
イスラエル,#96D4D6,植民地国家,公国,,ユダヤ教,"アシュケナージ, セファルディム",パレスチナ,False,,,,
ビザンツ,#9352AD,承認国,帝国,,,ギリシャ,東トラキア,False,BlockPropertyNode: valid_as_home_country_for_separatists = { 1 children } at [33376..33431),,,
アイスランド,#3E819B,承認国,公国,,,アイスランド,アイスランド,True,,,,
アラビア,#426F13,非承認国家,帝国,,,"マシュリク, ベドウィン, ミスル, イエメン",ヒジャーズ,False,,,,
バルト連合州,#8E8C54,承認国,大公国,,,"ラトビア, エストニア, リトアニア",南リボニア,False,,,,
ベラルーシ,#ACAAAA,承認国,王国,,,白ロシア,ミンスク,False,,,,
ポーランド＝リトアニア,#DB1F3E,承認国,帝国,,,"ポーランド, リトアニア",西ガリツィア,False,,,,
大コロンビア,#FFF464,承認国,帝国,,,北アンデス,クンディナマルカ,False,,,,
ヤンマイエン,#11E130,承認国,都市国家,,,ノルウェー,北ノルウェー,False,,,,
東インド,#BC713D,植民地国家,公国,イギリス領インドのカースト制度,,イングランド,西ベンガル,False,,,,
ブルターニュ,#D7C3E1,承認国,公国,,,ブルトン,ブルターニュ,True,,,,
マプチェ,#C4190A,分権型国家,公国,,,パタゴニア,パタゴニア,False,,,,
テウェルチェ,#397C8A,分権型国家,公国,,,パタゴニア,パタゴニア,False,,,,
セルクナム,#7A0E34,分権型国家,公国,,,パタゴニア,アラウカニア,False,,,,
トンガ,#4526A2,分権型国家,公国,,,ポリネシア,トンガ,False,,,,
西インド諸島,#329632,承認国,王国,,,アフリカ系カリブ,西インド諸島,False,,,,
マヤ,#62588E,非承認国家,王国,,,マヤ,ユカタン,False,,,,
イベリア,#FAB500,承認国,帝国,,,"スペイン, ポルトガル",新カスティーリャ,False,,,,
オレゴン,#8A507E,植民地国家,公国,,,"ヤンキー, イギリス系カナダ",オレゴン,False,,,,
コマンチェ,#603913,分権型国家,公国,,,コマンチェ,テキサス,False,,,,
インディアン準州,#567875,非承認国家,公国,,,"チェロキー, スー",オクラホマ,False,,,,
ダコタ,#440E62,分権型国家,公国,,,ダコタ,ミネソタ,False,,,,
ラコタ,#C672A8,分権型国家,公国,,,ダコタ,サウスダコタ,False,,,,
ナバホ,#7EB49A,分権型国家,公国,,,ナバホ,アリゾナ,False,,,,
アラパホ,#DFCC7D,分権型国家,公国,,,スー,コロラド,False,,,,
ニミプー,#DCBE32,分権型国家,公国,,,ネズ・パース,アイダホ,False,,,,
アブサロカ,#C76616,分権型国家,公国,,,スー,モンタナ,False,,,,
鉄の連合,#3D9E7C,分権型国家,公国,,,"クリー, スー",サスカチュワン,False,,,,
ジャマイカ,#31540A,承認国,公国,,,アフリカ系カリブ,ジャマイカ,False,,,,
バハマ,#00778C,承認国,公国,,,アフリカ系カリブ,バハマ,True,,,,
プエルトリコ,#685C57,植民地国家,公国,,,カリベニョ,ポルトリコ,True,,,,
ミスキティア,#3D9999,非承認国家,公国,,,"ミスキート, アフリカ系カリブ",ニカラグア,False,,,,
アナワク,#008416,非承認国家,公国,,,"ナワ, ミシュテカ, サポテカ, タラスカ",メキシコ,False,,,,
グリーンランド,#1A842C,承認国,公国,,,"デンマーク, イヌイット",グリーンランド,True,,,,
アンダルシア,#F0E69B,承認国,公国,,,スペイン,下アンダルシア,True,,,,
カスティーリャ,#C6B241,承認国,王国,,,スペイン,新カスティーリャ,True,,,,
サーミ,#1C9288,非承認国家,都市国家,,,サーミ,北ノルウェー,False,,,,
マルタ,#1C9288,承認国,都市国家,,,マルタ,マルタ,False,,,,
ペルミ,#EC9F5A,非承認国家,公国,,,ウゴル,ペルミ,False,,,,
ハザーラジャート,#EC9F5A,非承認国家,公国,,,ハザーラ,ハザリスタン,False,,,,
トルクメニスタン,#A575D0,承認国,公国,,,トルクメン,トルクメン,False,,,,
シベリア,#8B8AA0,非承認国家,王国,,,"ヤクート, シベリア, イヌイット, ブリヤート",トムスク,False,,,,
ヤクート,#83B083,非承認国家,公国,,,ヤクート,ヤクーツク,False,,,,
アッサム,#A3054D,非承認国家,公国,イギリス領インドのカースト制度,ヒンドゥー教,アッサム,アッサム,False,,,,
マニプル,#95BF75,非承認国家,公国,イギリス領インドのカースト制度,,マニプル,アッサム,False,,,,
トバ,#B78D01,非承認国家,公国,,,バタク,北スマトラ,False,,,,
カリマンタン,#C1A48E,非承認国家,公国,,,"ボルネオ, ダヤク",西ボルネオ,False,,,,
ハンターワディー,#8CD2A0,非承認国家,公国,,,モン,ペグー,False,,,,
カレン,#489963,非承認国家,公国,,,カレン,ペグー,False,,,,
クム,#F4EDCA,非承認国家,公国,,,クム,ラオス,False,,,,
カチン,#82BAC6,非承認国家,公国,,,カチン,サガイン,False,,,,
アイヌモシリ,#C9C57C,分権型国家,公国,,,アイヌ,北海道,False,,,,
蝦夷,#812893,非承認国家,公国,,,"日本, アイヌ",北海道,False,,,,
黔,#0067A5,非承認国家,公国,,,ミャオ,広東西部,False,,,,
台湾,#DAEA0F,非承認国家,公国,,,ビン,台湾,True,,,,
尹,#F5F5DC,非承認国家,公国,,,李,雲南,True,,,,
粤,#5971DF,非承認国家,公国,,,粤,広東西部,False,,,,
オアハカ,#9E7678,分権型国家,公国,,,"サポテカ, ミシュテカ",オアハカ,False,,,,
ミチョアカン,#9E1214,分権型国家,公国,,,タラスカ,ハリスコ,False,,,,
タワンティンスウユ,#7D5C6E,非承認国家,王国,,,ケチュア,リマ,False,,,,
アイマラ,#ADD3EF,非承認国家,公国,,,アイマラ,ラパス,False,,,,
ワユー,#286041,分権型国家,公国,,,グアヒロ,アンティオキア,False,,,,
トゥピナンバ,#9DD1C0,分権型国家,公国,,,トゥピナンバ,バイーア,False,,,,
プエブロ,#A28008,非承認国家,公国,,,プエブロ,ニューメキシコ,False,,,,
ヌナブト,#CDD6D8,非承認国家,公国,,,イヌイット,ヌナブト,False,,,,
ナヴァホランド,#7EB49A,分権型国家,公国,,,ナバホ,アリゾナ,False,,,,
アサバスカ,#586989,分権型国家,公国,,,アサバスカ,ノースウェスト準州,False,,,,
カスカディア,#699849,分権型国家,公国,,,セイリッシュ,北コロンビア,False,,,,
ホデノショニ,#57B650,承認国,公国,,,イロコイ,ニューヨーク,False,,,,
三火評議会,#DC9325,分権型国家,公国,,,アルゴンキン,ミシガン,False,,,,
サリッシュ,#3298AD,分権型国家,公国,,,セイリッシュ,モンタナ,False,,,,
パンナクワティ,#813807,分権型国家,公国,,,パイユート,アイダホ,False,,,,
マスコギー,#6C8BD0,非承認国家,公国,,,マスコギ,フロリダ,False,,,,
ヤットセミノーリ,#925F6B,分権型国家,公国,,,マスコギ,フロリダ,False,,,,
ウテ,#EB7EAF,分権型国家,公国,,,パイユート,ユタ,False,,,,
パウニー,#FC5476,分権型国家,公国,,,カド,ネブラスカ,False,,,,
アパッチ,#C69E6D,分権型国家,公国,,,アパッチ,ニューメキシコ,False,,,,
ニイトシタピ,#304799,分権型国家,公国,,,スー,アルバータ,False,,,,
オオダム国,#9CAA42,分権型国家,公国,,,オオダム,チワワ,False,,,,
オリノコ,#377719,分権型国家,公国,,,カリブ,ミランダ,False,,,,
ムイスカ,#A2B640,分権型国家,公国,,,ムイスカ,クンディナマルカ,False,,,,
ソルビア,#435080,承認国,公国,,,ソルブ,ザクセン,False,,,,
ユカタン,#148E14,承認国,公国,,,メキシコ,ユカタン,False,,,,
リオ・グランデ,#141414,承認国,公国,,,メキシコ,リオ・グランデ,False,,,,
ピラティニ,#269B26,承認国,公国,,,スリスタ,リオグランデ・ド・スル,False,,,,
スリランカ,#9B2E2E,非承認国家,公国,,,シンハラ,セイロン,False,,,,
バルチスタン,#7D2F2F,非承認国家,王国,,,バローチ,バルーチスターン,False,,,,
北ドイツ連邦,#292525,承認国,王国,,,北ドイツ,ブランデンブルク,False,,,,
南ドイツ連邦,#B01207,承認国,王国,,,南ドイツ,バイエルン,False,,,,
オクシタニア,#6532FD,承認国,公国,,,オック,ラングドック,False,,,,
トゥバ,#44F2EC,非承認国家,公国,,,トゥバ,トゥバ,False,,,,
コルシカ,#44F2EC,承認国,公国,,,コルシカ,コルシカ,False,,,,
ツングース,#0B7327,非承認国家,公国,,,シベリア,上エニセイスク,False,,,,
極東,#931919,非承認国家,公国,,,"シベリア, イヌイット",チタ,False,,,,
イデル＝ウラル,#0B7327,承認国,王国,,,"タタール, バシキール, ウドムルト, マリ, チュヴァシ, モルドビン",カザン,False,,,,
山岳共和国,#61A2F2,承認国,公国,,,北カフカース,北コーカサス,False,,,,
ドン・コサック軍,#25A8D9,承認国,公国,,,"ロシア, ウクライナ",ロストフ,False,,,,
シリア,#F1F5F0,非承認国家,公国,,スンナ派,マシュリク,シリア,False,,,,
トランスヨルダン首長国,#D40B1B,非承認国家,公国,,,"マシュリク, ベドウィン",トランスヨルダン,False,,,,
レバノン,#12C91B,非承認国家,公国,,,マシュリク,レバノン,False,,,,
湖南,#7EA4E0,非承認国家,王国,,,漢,湖南,False,,,,
安徽,#BB7EE0,非承認国家,王国,,,漢,南安徽,False,,,,
質,#CF4058,非承認国家,王国,,,漢,河北,False,,,,
山西,#5ED15E,非承認国家,王国,,,漢,山西,False,,,,
貴州,#256625,非承認国家,王国,,,漢,貴州,False,,,,
大城,#853808,非承認国家,王国,,,"漢, 粤, 庄",広西,False,,,,
四川,#2ABD44,非承認国家,王国,,,漢,四川,False,,,,
山東,#BD712A,非承認国家,王国,,,漢,山東,False,,,,
西北,#4490D4,非承認国家,王国,,,"漢, チベット",寧夏,False,,,,
太平天国,#649614,非承認国家,帝国,,プロテスタント,"漢, 客家",南京,False,,,,
グアラニー,#498BA6,分権型国家,公国,,,グアラニー,アルト・パラグアイ,False,,,,
クルディスタン,#C0F547,非承認国家,王国,,,クルド,モースル,False,,,,
ガリシア,#F0A782,承認国,公国,,,ガリシア,ガリシア,False,,,,
パレスチナ,#008E4C,非承認国家,公国,,スンナ派,マシュリク,パレスチナ,False,,,,
トルキスタン,#D50027,非承認国家,帝国,,,"ウズベク, キルギス, カザフ, トルクメン, タジク, ウイグル",ウズベキスタン,False,,,,
ザクセン＝コーブルク＝ゴータ,#B48994,承認国,公国,,,北ドイツ,ザクセン,False,,,,
ザクセン＝マイニンゲン,#90B56A,承認国,公国,,,北ドイツ,ザクセン,False,,,,
ザクセン＝ヴァイマル,#45BC2D,承認国,大公国,,,北ドイツ,ザクセン,False,,,,
シュヴァルツブルク,#625C5E,承認国,公国,,,北ドイツ,ザクセン,False,,,,
ヘッセン＝カッセル,#96374B,承認国,公国,,,北ドイツ,ヘッセ,False,,,,
リッペ,#CB3EB9,承認国,公国,,,北ドイツ,ヴェストファーレン,False,,,,
シャウムブルク＝リッペ,#199B9B,承認国,公国,,,北ドイツ,ヴェストファーレン,False,,,,
メクレンブルク＝シュトレーリッツ,#EFE86A,承認国,大公国,,,北ドイツ,メクレンブルク,False,,,,
ホーエンツォレルン,#30A960,承認国,公国,,,南ドイツ,ヴュルテンベルク,False,,,,
ヴァルデック,#A9C26B,承認国,公国,,,北ドイツ,ヘッセ,False,,,,
インド,#68447C,承認国,覇権国家,,,"アッサム, アワディー, バローチ, ベンガル, ビハール, グジャラート, カンナダ, マラヤーラム, マラーター, オリア, パンジャーブ, パサン, ラージプート, シンド, タミル, テルグ, ヒンドゥスターン, ブンデールカンド, パハーリー, ゴーンディー, バゲーリー, チャッティースガリー, ダッキニー",デリー,False,,,,
ミシガン,#00274C,承認国,公国,,,ヤンキー,ミシガン,True,,,,
チェルケス,#4B6037,非承認国家,公国,,,チェルケス,クバーニ,False,,,,
チェチェン,#233430,非承認国家,公国,,,チェチェン,北コーカサス,False,,,,
アッシリア,#6F38C8,承認国,王国,,,アッシリア,モースル,False,,,,
カルムイク,#EEDC59,非承認国家,公国,,,カルムイク,カルムイク,False,,,,
シュレースヴィヒ,#EBE15F,承認国,公国,,,"北ドイツ, デンマーク",シュレースヴィヒ＝ホルシュタイン,True,,,,
小ジュズ,#5A7878,非承認国家,公国,,,カザフ,ウラリスク,False,,,,
大ジュズ,#466450,非承認国家,公国,,,カザフ,アクモリンスク,False,,,,
中ジュズ,#505064,非承認国家,公国,,,カザフ,セミパラチンスク,False,,,,
南カフカース,#C86437,承認国,帝国,,,"アゼルバイジャン, アルメニア, ジョージア",チフリス,False,,,,
サヴォイ,#EBC4E7,承認国,公国,,,フランコ・プロヴァンサル,サヴォイ,False,,,,
ラインラント,#055505,承認国,公国,,,北ドイツ,北ライン,True,,,,
パリ・コミューン,#ED2939,承認国,帝国,,,フランス,イル＝ド＝フランス,False,,,,
カレリア,#163F1A,承認国,公国,,,カレリア,東カレリア,False,,,,
タタールスタン,#1FDAE5,承認国,公国,,,タタール,カザン,False,,,,
バシキール,#47DB81,承認国,公国,,,バシキール,ウファ,False,,,,
ブリヤーティア,#323278,承認国,公国,,,ブリヤート,ブリヤーティア,False,,,,
カムチャツカ,#192F77,承認国,公国,,,シベリア,カムチャツカ,False,,,,
チュクチ,#63ECF0,承認国,公国,,,シベリア,チュクチ,False,,,,
アルタイ,#4A79C6,承認国,公国,,,モンゴル,アルタイ,False,,,,
ウラル,#375958,承認国,公国,,,ロシア,ウラル,False,,,,
ハンティ・マンシ,#9CBEC4,承認国,公国,,,ウゴル,スルグト,False,,,,
ウドムルト,#520C0C,承認国,公国,,,ウドムルト,ヴャトカ,False,,,,
チュヴァシ,#F97D04,承認国,公国,,,チュヴァシ,チェボクサル,False,,,,
エルジャ・モクシャ,#DE93E2,承認国,公国,,,モルドビン,タンボフ,False,,,,
マリ・エル,#8B62C1,承認国,公国,,,マリ,チェボクサル,False,,,,
タジキスタン,#2D552D,承認国,大公国,,,タジク,タジキスタン,False,,,,
ウズベキスタン,#C7C7AA,承認国,大公国,,,ウズベク,フェルガナ,False,,,,
キルギス,#A15757,承認国,大公国,,,キルギス,キルギス,False,,,,
パウリスタニア,#45674D,承認国,公国,,,パウリスタ,サンパウロ,False,,,,
赤道連邦,#A8C1B7,承認国,公国,,,ノルデスティーノ,ペルナンブーコ,False,,,,
サンタカタリーナ,#DFF968,承認国,公国,,,スリスタ,サンタカタリーナ,False,,,,
ミナスジェライス,#20BF94,承認国,公国,,,ブラジル,ミナスジェライス,False,,,,
バヒア,#C5CEBF,承認国,公国,,,ノルデスティーノ,バイーア,False,,,,
コーンウォール,#C25E3F,承認国,公国,,,イングランド,ウェストカントリー,False,,,,
アンデス連邦,#DCDCF5,承認国,覇権国家,,,"北アンデス, 南アンデス",パナマ,False,,,,
ペルー・ボリビア,#EA6BA3,承認国,帝国,,,南アンデス,ラパス,False,,,,
イキチャ,#F5D250,非承認国家,公国,,,ケチュア,イカ,False,,,,
北ペルー,#9D3737,承認国,公国,,,南アンデス,リマ,False,,,,
南ペルー,#37A74D,承認国,公国,,,南アンデス,イカ,False,,,,
サン・マルコ,#6E0A2D,承認国,公国,,,北イタリア,ロンバルディア,False,,,,
中央ヨーロッパ,#FAFAF5,承認国,覇権国家,,,"北ドイツ, 南ドイツ, チェコ, オランダ, フランドル, ワロン, アレマン, 北イタリア, スロベニア",オーストリア,False,,,,
ネーデルラント連合,#FF761C,承認国,帝国,,,"オランダ, フランドル, ワロン",ホランド,False,,,,
ライン連邦,#4DA580,承認国,帝国,,,"北ドイツ, 南ドイツ",ヘッセ,False,,,,
リオ・デ・ラ・プラタ,#8287F0,承認国,帝国,,,プラティニア,ブエノスアイレス,False,,,,
ノースカロライナ,#7BAFD4,承認国,都市国家,,,ディキシー,ノースカロライナ,False,,,,
サウスカロライナ,#F56600,承認国,都市国家,,,ディキシー,サウスカロライナ,False,,,,
カロライナ,#8771C4,承認国,公国,,,ディキシー,ノースカロライナ,False,,,,
ジョージア,#B50027,承認国,公国,,,ディキシー,ジョージア,False,,,,
フロリダ,#FFC68E,承認国,公国,,,ディキシー,フロリダ,False,,,,
パキスタン,#A49D60,非承認国家,帝国,,スンナ派,"カシミール, パンジャーブ, シンド, バローチ, パシュトゥーン",シンド,False,,,,
北アメリカ大陸,#BE8552,非承認国家,帝国,,,"チェロキー, イロコイ, スー",オクラホマ,False,,,,
カブール,#5F5F6D,非承認国家,公国,,,"パシュトゥーン, タジク",カブリスタン,False,,,,
カンダハル,#4771C1,非承認国家,公国,,,"パシュトゥーン, タジク",カンダハル,False,,,,
ヘラート,#508771,非承認国家,公国,,,"パシュトゥーン, ペルシア",ヘラート,False,,,,
チトラール,#60C1B6,非承認国家,公国,,,チトラール,パシュトゥーニスタン,False,,,,
マイマナ,#CCD203,非承認国家,公国,,,"ウズベク, トルクメン, タジク",南トルキスタン,False,,,,
クンドゥズ,#994C00,非承認国家,公国,,,"ウズベク, タジク",南トルキスタン,False,,,,
アラビスタン,#8C6698,非承認国家,公国,,,マシュリク,アラビスタン,False,,,,
バハーワルプル,#5D946B,非承認国家,公国,イギリス領インドのカースト制度,スンナ派,"パンジャーブ, シンド",パンジャーブ,False,,,,
トルクメニア,#9C4A4A,分権型国家,公国,,,トルクメン,トルクメン,False,,,,
アブハジア,#5CBC49,承認国,公国,,,北カフカース,チフリス,False,,,,
ロレスターン,#CFD52F,非承認国家,公国,,,ロル,ロレスターン,False,,,,
マーザンダラーン,#D99058,非承認国家,公国,,,マーザンダラーン,マーザンダラーン,False,,,,
北洋,#FCB93D,非承認国家,王国,,,漢,北京,False,,,,
カフィリスタン,#C35214,非承認国家,公国,,ヒンドゥー教,"チトラール, パシュトゥーン",カブリスタン,False,,,,
リンブルフ,#160B58,承認国,公国,,,オランダ,ヘルレ,False,,,,
ガルワール,#3C9A87,非承認国家,公国,イギリス領インドのカースト制度,,パハーリー,アーグラ,False,,,,
パティアーラ,#E5E71A,非承認国家,公国,イギリス領インドのカースト制度,,パンジャーブ,パンジャーブ丘,False,,,,
アルワル,#4169E1,非承認国家,公国,イギリス領インドのカースト制度,,ラージプート,ラージプーターナー,False,,,,
ナガ,#CCFACC,分権型国家,公国,,,ナガ,アッサム,False,,,,
ティペラ,#FFCCCC,分権型国家,公国,,,ルシャイ,アッサム,False,,,,
クキ,#BEBEBE,分権型国家,公国,,,ルシャイ,アッサム,False,,,,
カーシ,#FFDEAD,分権型国家,公国,,,ナガ,アッサム,False,,,,
コーチ・ビハール,#DC143C,非承認国家,公国,イギリス領インドのカースト制度,ヒンドゥー教,ベンガル,東ベンガル,False,,,,
シャン,#CCE5FF,非承認国家,公国,,,シャン,シャン,False,,,,
ジャーンシ,#FF8C00,非承認国家,公国,イギリス領インドのカースト制度,,ブンデールカンド,ブンデールカンド,False,,,,
プドゥコッタイ,#228B22,非承認国家,公国,イギリス領インドのカースト制度,,タミル,カルナティック,False,,,,
コーター,#7B2C00,非承認国家,公国,イギリス領インドのカースト制度,,ラージプート,ラージプーターナー,False,,,,
イダール,#1F66BB,非承認国家,公国,イギリス領インドのカースト制度,,グジャラート,グジャラート,False,,,,
ナワナガル,#DEDE00,非承認国家,公国,イギリス領インドのカースト制度,,グジャラート,グジャラート,False,,,,
ダラムプル,#177917,非承認国家,公国,,,グジャラート,グジャラート,False,,,,
ジュナガド,#C8E5ED,非承認国家,公国,,スンナ派,"グジャラート, パサン",グジャラート,False,,,,
バーオナガル,#7ADEDE,非承認国家,公国,イギリス領インドのカースト制度,,グジャラート,グジャラート,False,,,,
パランプル,#DEDEDE,非承認国家,公国,,スンナ派,"グジャラート, パサン",グジャラート,False,,,,
サタラ,#FF9933,非承認国家,公国,イギリス領インドのカースト制度,,マラーター,ボンベイ,False,,,,
コールハープル,#BC1540,非承認国家,公国,イギリス領インドのカースト制度,,マラーター,ボンベイ,False,,,,
リーワー,#7B0E94,非承認国家,公国,イギリス領インドのカースト制度,,バゲーリー,ブンデールカンド,False,,,,
スルグジャ,#3CDE4B,非承認国家,公国,イギリス領インドのカースト制度,,チャッティースガリー,ブンデールカンド,False,,,,
カルヌール,#BB0163,非承認国家,公国,イギリス領インドのカースト制度,スンナ派,"パサン, ダッキニー, テルグ",割譲地区,False,,,,
ジャイプル,#EDAEDD,非承認国家,公国,イギリス領インドのカースト制度,,オリア,オリッサ,False,,,,
マユルバニ,#EDCC03,非承認国家,公国,イギリス領インドのカースト制度,,オリア,オリッサ,False,,,,
パトナ,#721964,非承認国家,公国,イギリス領インドのカースト制度,,オリア,オリッサ,False,,,,
ナルシンハプル,#1F91D9,非承認国家,公国,イギリス領インドのカースト制度,,オリア,オリッサ,False,,,,
カーラン,#6A91FF,非承認国家,公国,,,バローチ,バルーチスターン,False,,,,
ラス・ベラ,#BCC0BC,非承認国家,公国,,,バローチ,バルーチスターン,False,,,,
カイルプール,#149201,非承認国家,公国,,,バローチ,シンド,False,,,,
ディル,#01411C,非承認国家,公国,,,パシュトゥーン,パシュトゥーニスタン,False,,,,
スワット,#F4C416,非承認国家,公国,,,パシュトゥーン,パシュトゥーニスタン,False,,,,
カルナティック,#E84F8E,非承認国家,王国,,,タミル,カルナティック,False,,,,
ラージプーターナー,#310D16,非承認国家,王国,,,ラージプート,ラージプーターナー,False,,,,
マハラシュトラ,#310D16,非承認国家,帝国,,,マラーター,ボンベイ,False,,,,
グジャラート,#E7E06B,非承認国家,王国,,,グジャラート,グジャラート,False,,,,
ドラヴィダ・ナドゥ,#FFF5EE,非承認国家,帝国,,,"タミル, テルグ, マラヤーラム, カンナダ",カルナティック,False,,,,
コーチン,#FFBCE1,非承認国家,公国,イギリス領インドのカースト制度,,マラヤーラム,マラバル,False,,,,
アラスカ,#F9FBFF,植民地国家,公国,,,ロシア,アラスカ,False,,,,
セイロン,#003366,植民地国家,公国,,,イングランド,セイロン,False,,,,
モルディブ,#00843D,非承認国家,公国,イギリス領インドのカースト制度,スンナ派,シンハラ,セイロン,False,,,,
ビハール,#FCEF3C,非承認国家,公国,,,ビハール,ビハール,False,,,,
アラカン,#D4D397,非承認国家,公国,,,ビルマ,アラカン,False,,,,
インドスタン,#2D782D,承認国,王国,,スンナ派,"パンジャーブ, シンド",パンジャーブ,False,,,,
ムアン・プアン,#6F03FC,非承認国家,公国,,,ラオス,ラオス,False,,,,
高地クメール,#03A5FC,分権型国家,公国,,精霊信仰,クメール,カンボジア,False,,,,
デガ,#EBDE34,分権型国家,公国,,精霊信仰,チャンパ,アンナム,False,,,,
シップソンチャウタイ,#32A2D2,分権型国家,公国,,精霊信仰,ラオス,トンキン,False,,,,
バナト,#3B685E,承認国,公国,,カトリック,"南ドイツ, セルビア",ヴォヤヴォディナ,False,,,,
エデン,#E2C26A,非承認国家,公国,,無神論者,プロメテウス,バイエルン,False,,,,
カルリスタ・スペイン,#D9171A,承認国,王国,,カトリック,スペイン,バスク州,False,,,,
アラゴン,#A64448,承認国,王国,,,アラゴン,アラゴン,False,,,,
レオン,#630E57,承認国,王国,,,アストゥリアス・レオン,レオン,False,,,,
アストゥリアス,#68ADE6,承認国,公国,,,アストゥリアス・レオン,アストゥリアス,False,,,,
ヌエバ・エスパーニャ,#F7E77C,植民地国家,王国,,,スペイン,メキシコ,False,,,,
ヌエバ・グラナダ,#C7B854,植民地国家,王国,,,スペイン,クンディナマルカ,False,,,,
ペルー,#EBCF17,植民地国家,王国,,,スペイン,リマ,False,,,,
リオ・デ・ラ・プラタ,#C3B34B,植民地国家,王国,,,スペイン,ブエノスアイレス,False,,,,
アルジェリア,#DCCA60,非承認国家,王国,,,"マグリブ, アマーズィーグ",アルジェ,False,,,,
コンスタンティン,#E40310,非承認国家,公国,,,"マグリブ, アマーズィーグ",コンスタンティーヌ,False,,,,
エジプト,#FFCD9B,非承認国家,王国,,,ミスル,下エジプト,False,,,,
エチオピア,#3878BF,非承認国家,帝国,,,"アムハラ, オロモ, ティグライ",ゴンダール,False,,,,
マダガスカル,#759678,非承認国家,王国,,,マダガスカル,北マダガスカル,False,,,,
マスカラ,#008130,非承認国家,公国,,,"マグリブ, アマーズィーグ",オラン,False,,,,
リベリア,#C18A53,非承認国家,公国,,,アフリカ系アメリカ,穀物海岸,True,,,,
モロッコ,#E09271,非承認国家,王国,,,"マグリブ, アマーズィーグ",フェズ,False,,,,
ナタリア,#6AB22E,承認国,公国,,,ボーア,ズールーランド,False,,,,
オラニエ,#E08B2F,非承認国家,公国,,,ボーア,トランスオランジア,True,,,,
南アフリカ,#B49E7F,植民地国家,王国,,,イングランド,ケープ植民地,False,,,,
ソコト,#008751,非承認国家,王国,,,"ハウサ, フルベ",ハウサランド,False,,,,
トリポリ,#B48994,非承認国家,公国,,,マグリブ,トリポリ,True,,,,
トランスヴァール,#8CB79A,非承認国家,公国,,,ボーア,トランスヴァール,True,,,,
チュニス,#836555,非承認国家,王国,,,マグリブ,チュニジア,True,,,,
ザンジバル,#A6BDC7,非承認国家,公国,,,スワヒリ,ザンジバル,True,,,,
ズールー,#CCBAC9,非承認国家,王国,,,ズールー,ズールーランド,True,,,,
シエラレオネ,#7BCE65,植民地国家,公国,,,イングランド,シエラレオネ,True,,,,
ンデベレ,#8E5037,分権型国家,公国,,,"ングニ, ショナ",ザンベジ,False,,,,
マショナ,#C1BD97,分権型国家,公国,,,ショナ,ザンベジ,False,,,,
マニカ,#3C938C,分権型国家,公国,,,ショナ,ザンベジア,False,,,,
マセコ,#4B4B94,分権型国家,公国,,,ングニ,ザンベジア,False,,,,
ムタパ,#CC7944,分権型国家,公国,,,ショナ,ザンベジ,False,,,,
ナマ,#317722,分権型国家,公国,,,コイサン,ナマクアランド,False,,,,
ヘレロ,#DD8C28,分権型国家,公国,,,"ヘレロ, コイサン",ヘレロランド,False,,,,
オバンボ,#F02879,分権型国家,公国,,,カヴァンゴ・バントゥー,ヘレロランド,False,,,,
サン,#6E8225,分権型国家,公国,,,コイサン,ボツワナ,False,,,,
バロツェ,#B06AA8,分権型国家,公国,,,カヴァンゴ・バントゥー,ザンビア,False,,,,
ツワナ,#75AADB,分権型国家,公国,,,ツワナ,ボツワナ,False,,,,
グリカランド,#7A694D,非承認国家,公国,,,グリカ,北ケープ,False,,,,
フィリッポリス,#B0B083,非承認国家,公国,,,グリカ,トランスオランジア,False,,,,
カゼンベ,#CAD9AA,分権型国家,公国,,,ルンダ,カゼンベ,False,,,,
ベンバ,#C05A79,分権型国家,公国,,,湖水バントゥー,カゼンベ,False,,,,
カサンジェ,#666965,分権型国家,公国,,,"ルンダ, オヴィンブンド",東アンゴラ,False,,,,
オヴィンブンド,#6B5E34,分権型国家,公国,,,オヴィンブンド,南アンゴラ,False,,,,
チョクウェ,#63A027,分権型国家,公国,,,"ルンダ, オヴィンブンド",東アンゴラ,False,,,,
ルンダ,#C73C27,分権型国家,公国,,,"ルンダ, オヴィンブンド",東アンゴラ,False,,,,
クバ,#9F3CBD,分権型国家,公国,,,河川バントゥー,カサイ,False,,,,
マングベツ,#4B81B6,分権型国家,公国,,,河川バントゥー,東コンゴ,False,,,,
ニャムウェジ,#A47D1A,分権型国家,公国,,,ニャムウェジ,タンガニーカ,False,,,,
ヘヘ,#7E5483,分権型国家,公国,,,湖水バントゥー,ルフィジ,False,,,,
フータ・ジャロン,#E67D7F,非承認国家,公国,,,フルベ,ギニア,False,,,,
ブガンダ,#1515E3,非承認国家,公国,,,ガンダ,ウガンダ,False,,,,
アシャンティ,#6162C3,非承認国家,王国,,,アカン,ゴールドコースト,False,,,,
ヤカ,#63A0EF,分権型国家,公国,,,"バコンゴ, ルンダ",バ・コンゴ,False,,,,
コンゴ,#C7A08B,非承認国家,公国,,カトリック,バコンゴ,バ・コンゴ,False,,,,
ロアンゴ,#C8CA55,分権型国家,公国,,,バコンゴ,コンゴ,False,,,,
ファン,#C1AA39,分権型国家,公国,,,芳,ガボン,False,,,,
バンガラ,#298787,分権型国家,公国,,,"モンゴ, 河川バントゥー",エクアトゥール,False,,,,
バストランド,#896AD9,非承認国家,公国,,,ソト,ズールーランド,False,,,,
テケ,#63A08B,分権型国家,公国,,,バコンゴ,コンゴ,False,,,,
ボバンギ,#D39570,分権型国家,公国,,,"モンゴ, バコンゴ",エクアトゥール,False,,,,
レガ,#AF671F,分権型国家,公国,,,河川バントゥー,東コンゴ,False,,,,
ヘムバ,#B49296,分権型国家,公国,,,河川バントゥー,東コンゴ,False,,,,
ルバ,#2A3F99,分権型国家,公国,,,ルバ,カタンガ,False,,,,
ブニョロ,#AE1842,非承認国家,公国,,,"ガンダ, 湖水バントゥー",ウガンダ,False,,,,
アンコール,#7EA262,非承認国家,公国,,,"ガンダ, 湖水バントゥー",ウガンダ,False,,,,
アチョリ,#A6E1D9,分権型国家,公国,,,"羅, 湖水バントゥー",ウガンダ,False,,,,
カラグウェ,#30B1A9,非承認国家,公国,,,"湖水バントゥー, ガンダ",タンガニーカ,False,,,,
ルワンダ,#D5A012,非承認国家,公国,,,ルワンダ,タンガニーカ,False,,,,
ブルンジ,#15BF10,非承認国家,公国,,,ルンディ,タンガニーカ,False,,,,
マサイ,#BE6754,分権型国家,公国,,,マサイ,リフトバレー,False,,,,
トゥルカナ,#6754BE,分権型国家,公国,,,"ナイル, マサイ",リフトバレー,False,,,,
羅,#9999A8,分権型国家,公国,,,羅,リフトバレー,False,,,,
ゴゴ,#F4E4A6,分権型国家,公国,,,湖水バントゥー,ルフィジ,False,,,,
サング,#CB3642,分権型国家,公国,,,湖水バントゥー,ルフィジ,False,,,,
キクユ,#A9345A,分権型国家,公国,,,キクユ,ケニア,False,,,,
ワルサンガリ,#126180,非承認国家,公国,,,ソマリ,ソマリランド,False,,,,
ゲレディ,#26A043,非承認国家,公国,,,ソマリ,ソマリランド,False,,,,
マジェルテーン,#DCC864,非承認国家,公国,,,ソマリ,ソマリランド,False,,,,
ダルフール,#2CA046,非承認国家,公国,,,"フール, ベドウィン",ダルフール,False,,,,
イサック,#E0FFB6,非承認国家,公国,,,ソマリ,ソマリランド,False,,,,
ホビョ,#FF4907,非承認国家,公国,,,ソマリ,ソマリランド,False,,,,
ダル・アル・クティ,#7B864A,分権型国家,公国,,,"フール, 赤道バントゥー",ウバンギ・シャリ,False,,,,
アザンデ,#D0E139,分権型国家,公国,,,アザンデ,東コンゴ,False,,,,
ダール・フェルティト,#A75C38,分権型国家,公国,,,"赤道バントゥー, アザンデ",エクアトリア,False,,,,
ディンカ,#4E634B,分権型国家,公国,,,ディンカ,エクアトリア,False,,,,
ヌエル,#E6E3F0,分権型国家,公国,,,ヌエル,エクアトリア,False,,,,
トポサ,#E86544,分権型国家,公国,,,ナイル,エクアトリア,False,,,,
オーッサ,#7D7D64,非承認国家,公国,,,アファル,ゴンダール,False,,,,
シェワ,#01C8C8,非承認国家,公国,,,"アムハラ, オロモ",オロミア,False,,,,
ハラール,#AF4B0F,非承認国家,公国,,スンナ派,アムハラ,オロミア,False,,,,
ボラナ,#ECEC68,分権型国家,公国,,スンナ派,オロモ,アムハラ,False,,,,
カッファ,#960019,非承認国家,公国,,東方諸教会,"シダマ, オロモ",アムハラ,False,,,,
シダモ,#5341A7,非承認国家,公国,,東方諸教会,シダマ,アムハラ,False,,,,
ウェレガ,#7ED0DE,非承認国家,公国,,,オロモ,アムハラ,False,,,,
ティグライ,#A7DACF,非承認国家,公国,,,"ティグライ, アムハラ",アムハラ,False,,,,
ゴジャム,#BF934F,非承認国家,公国,,,アムハラ,アムハラ,False,,,,
ウェロー,#DEC7A3,非承認国家,公国,,,アムハラ,アムハラ,False,,,,
ベゲムデル,#E4F368,非承認国家,公国,,,"アムハラ, オロモ, ティグライ",アムハラ,False,,,,
ボルヌ,#1E83A2,非承認国家,公国,,,カヌリ,ボルヌ,False,,,,
バギルミ,#407C9D,非承認国家,公国,,,バギルミ,ワッダイ,False,,,,
ワダイ,#C24229,非承認国家,公国,,,フール,ワッダイ,False,,,,
ケル・アイル,#1E1FA2,分権型国家,公国,,,トゥアレグ,ニジェール,False,,,,
マッシーナ,#E6E73E,非承認国家,公国,,,フルベ,東マリ,False,,,,
オヨ,#D3B8B3,非承認国家,公国,,,ヨルバ,ヨルバ州,False,,,,
ベナン,#6EAD81,非承認国家,公国,,,エド,ベナン,False,,,,
カジョール,#BDBBA6,分権型国家,公国,,,ウォロフ,セネガル,False,,,,
ジョロフ,#D7D77D,分権型国家,公国,,,ウォロフ,セネガル,False,,,,
フータ・トロ,#73CC66,非承認国家,公国,,,"フルベ, ウォロフ",セネガル,False,,,,
コング,#8962C3,分権型国家,公国,,,"ジュラ, セヌフォ",象牙海岸,False,,,,
ダホメ,#0B54B3,非承認国家,公国,,,フォン,ダホメ,False,,,,
モシ,#1B802D,分権型国家,公国,,,モシ,ヴォルタ,False,,,,
カアルタ,#7F1C2D,非承認国家,公国,,,バンバラ,西マリ,False,,,,
セグー,#1B1C91,非承認国家,公国,,,バンバラ,西マリ,False,,,,
トラルザ,#E67B11,分権型国家,公国,,,ビダン,モーリタニア,False,,,,
カアブ,#653F29,分権型国家,公国,,精霊信仰,マンデ,セネガル,False,,,,
ブンドゥ,#3C7636,分権型国家,公国,,,"フルベ, マンデ",セネガル,False,,,,
セレール,#39796F,分権型国家,公国,,精霊信仰,フルベ,セネガル,False,,,,
スス,#456D8E,分権型国家,公国,,,マンデ,ギニア,False,,,,
マンディンカ,#BF5335,分権型国家,公国,,,マンデ,ギニア,False,,,,
ゴビール,#E1B955,非承認国家,公国,,,ハウサ,外ハウサランド,False,,,,
バウレ,#DA682C,分権型国家,公国,,,アカン,ウィンドワード・コースト,False,,,,
クル,#5EA88E,分権型国家,公国,,,クル,ウィンドワード・コースト,False,,,,
カバドゥグー,#752436,分権型国家,公国,,,マンデ,ウィンドワード・コースト,False,,,,
アニ,#83D222,分権型国家,公国,,,アカン,象牙海岸,False,,,,
エウェ,#D22283,分権型国家,公国,,,エウェ,トーゴ,False,,,,
イボ,#771855,分権型国家,公国,,,イボ,ニジェール・デルタ,False,,,,
ドゥアラ,#167911,分権型国家,公国,,,赤道バントゥー,南カメルーン,False,,,,
トゥブ,#DCD261,分権型国家,公国,,,トゥブ,チャド,False,,,,
ケル・アハガル,#8AA846,分権型国家,公国,,,トゥアレグ,東サハラ,False,,,,
トゥアト,#426272,分権型国家,公国,,,アマーズィーグ,サハラ,False,,,,
タガント,#715F7A,分権型国家,公国,,,ビダン,内モーリタニア,False,,,,
ケル・アダグ,#D784A5,分権型国家,公国,,,トゥアレグ,ティンブクトゥ,False,,,,
バサ,#CB3025,分権型国家,公国,,,バサ,穀物海岸,False,,,,
ティリス,#6A5F4F,分権型国家,公国,,,ハラティン,モーリタニア,False,,,,
IBL,#8E86BB,分権型国家,公国,,,イビビオ,ニジェール・デルタ,False,,,,
キッシ,#3D4B6D,分権型国家,公国,,,キッシ,ギニア,False,,,,
高,#3EAF97,分権型国家,公国,,,ソンガイ,ティンブクトゥ,False,,,,
ティブ,#F0D564,分権型国家,公国,,,ティブ,ナイジェリア,False,,,,
サラ,#B3ECD9,分権型国家,公国,,,サラ,ウバンギ・シャリ,False,,,,
エクアトリア,#ECAD68,分権型国家,公国,,,ナイル,エクアトリア,False,,,,
ベジャ,#8C4187,分権型国家,公国,,,ベジャ,ドンゴラ,False,,,,
ヌバ,#8ABB48,分権型国家,公国,,,ヌバ,エクアトリア,False,,,,
スーダン,#BD9F45,非承認国家,王国,,,"スーダン, ベジャ, ベドウィン",青ナイル,False,,,,
ウスクマ,#657A9E,分権型国家,公国,,,スクマ,タンガニーカ,False,,,,
チェワ,#749D66,分権型国家,公国,,,チェワ,カゼンベ,False,,,,
ロムウェ,#C90A30,分権型国家,公国,,,ロムウェ,モザンビーク,False,,,,
マクア,#268C28,分権型国家,公国,,,マクア,モザンビーク,False,,,,
セナ,#5B8480,分権型国家,公国,,,セナ,モザンビーク,False,,,,
バトンガ,#C8C16C,分権型国家,公国,,,トンガ,ロウレンソ・マルケス,False,,,,
コサ,#5850A3,分権型国家,公国,,,コサ,東ケープ,False,,,,
ウヤオ,#C0CC6F,分権型国家,公国,,,ヤオ,モザンビーク,False,,,,
ジンバブエ,#00AD70,非承認国家,王国,,,"ショナ, ングニ",ザンベジア,False,,,,
マリ,#4BB31B,非承認国家,王国,,,"バンバラ, フルベ, ウォロフ, マンデ",西マリ,False,,,,
自由州,#82172F,植民地国家,公国,,,バコンゴ,,False,,,,
サハラウィー,#DCCA60,分権型国家,公国,,,ビダン,西サハラ,False,,,,
トゥーグルト,#5A8CBE,非承認国家,公国,,,アマーズィーグ,東サハラ,False,,,,
アイト・アッバス,#FFFF99,非承認国家,公国,,,アマーズィーグ,コンスタンティーヌ,False,,,,
ガザ,#BF9A6C,非承認国家,王国,,,ングニ,ロウレンソ・マルケス,False,,,,
マラビ,#DCDC4B,分権型国家,公国,,,チェワ,カゼンベ,False,,,,
ボルグ,#DAE7EB,非承認国家,公国,,,"マンデ, フルベ",ハウサランド,False,,,,
バムン,#C5C9A3,分権型国家,公国,,スンナ派,赤道バントゥー,北カメルーン,False,,,,
マグレブ,#D13F2C,非承認国家,帝国,,,"マグリブ, アマーズィーグ, ビダン",チュニジア,False,,,,
ウィトゥ,#FFA407,非承認国家,公国,,,スワヒリ,ケニア,False,,,,
モンバサ,#7FB148,非承認国家,公国,,イバード派,スワヒリ,ケニア,True,,,,
アジュラン,#7C805D,分権型国家,公国,,スンナ派,ソマリ,ケニア,False,,,,
アウリハン,#C4E3F0,分権型国家,公国,,スンナ派,ソマリ,ケニア,False,,,,
ミジケンダ,#90219B,分権型国家,公国,,,湖水バントゥー,ケニア,False,,,,
オルマ,#655FBC,分権型国家,公国,,精霊信仰,オロモ,ケニア,False,,,,
サクエ,#7A8382,分権型国家,公国,,精霊信仰,オロモ,ケニア,False,,,,
ウテテラ,#018C50,非承認国家,公国,,イバード派,スワヒリ,東コンゴ,False,,,,
オガデン,#9BBC63,分権型国家,公国,,,ソマリ,オロミア,False,,,,
クワラ,#70A9C7,非承認国家,公国,,,アムハラ,ゴンダール,False,,,,
トゥンギ,#485C0C,非承認国家,公国,,,スワヒリ,モザンビーク,False,,,,
ウォライタ,#D4E636,非承認国家,公国,,東方諸教会,シダマ,アムハラ,False,,,,
ハディヤ,#228059,非承認国家,公国,,スンナ派,オロモ,アムハラ,False,,,,
アルシランド,#FFC5B3,非承認国家,公国,,スンナ派,オロモ,オロミア,False,,,,
アヌアク,#806259,分権型国家,公国,,精霊信仰,羅,アムハラ,False,,,,
オモ,#477980,分権型国家,公国,,精霊信仰,シダマ,アムハラ,False,,,,
スワジランド,#FFD900,非承認国家,公国,,,ングニ,トランスヴァール,False,,,,
ペディ,#ED6B74,分権型国家,公国,,,ソト,トランスヴァール,False,,,,
ヴェンダ,#EB7A53,分権型国家,公国,,,ソト,トランスヴァール,False,,,,
テムネ,#477918,分権型国家,公国,,精霊信仰,キッシ,シエラレオネ,False,,,,
ディオラ,#7B6F6F,分権型国家,公国,,精霊信仰,フルベ,シエラレオネ,False,,,,
アンゴチェ,#FFB400,非承認国家,公国,,,スワヒリ,モザンビーク,False,,,,
ズワイヤ,#DD8550,分権型国家,公国,,,ベドウィン,キレナイカ,False,,,,
ケル・アジェル,#FF69B4,分権型国家,公国,,,トゥアレグ,フェザーン,False,,,,
フェザーン,#E70013,非承認国家,公国,,,マグリブ,フェザーン,False,,,,
キレナイカ,#1E3750,非承認国家,公国,,,マグリブ,キレナイカ,False,,,,
リビア,#528976,非承認国家,王国,,,マグリブ,トリポリ,False,,,,
シャアンバ,#8CAF82,分権型国家,公国,,,ベドウィン,東サハラ,False,,,,
ムザブ,#CB69ED,分権型国家,公国,,イバード派,アマーズィーグ,サハラ,False,,,,
テクナ,#5D409C,分権型国家,公国,,,ビダン,内モロッコ,False,,,,
レグイバート,#E7862B,分権型国家,公国,,,ビダン,西サハラ,False,,,,
デリム,#2BDD9F,分権型国家,公国,,,ビダン,西サハラ,False,,,,
ケル・ディンニク,#8F3738,分権型国家,公国,,,トゥアレグ,ニジェール,False,,,,
ケル・アタラム,#537B28,分権型国家,公国,,,トゥアレグ,ティンブクトゥ,False,,,,
アドラール,#0DA438,分権型国家,公国,,,ビダン,内モーリタニア,False,,,,
ブラクナ,#214078,分権型国家,公国,,,ハラティン,モーリタニア,False,,,,
ハワイ,#30A960,非承認国家,王国,,プロテスタント,ハワイ,ハワイ諸島,True,,,,
ンガーイ・タフ,#3E5C36,分権型国家,公国,,,マオリ,南島,False,,,,
ンガーティ・トア,#94B9BE,分権型国家,公国,,,マオリ,北島,False,,,,
カナック,#BEAD67,分権型国家,公国,,,メラネシア,カナック,False,,,,
パプア,#5161AA,分権型国家,公国,,,メラネシア,東ニューギニア,False,,,,
ハリア,#D2B8DC,分権型国家,公国,,,メラネシア,ブーゲンビル,False,,,,
ビルア,#8CA64B,分権型国家,公国,,,メラネシア,ソロモン諸島,False,,,,
ブルンガン,#8CA64B,非承認国家,公国,,,ボルネオ,東ボルネオ,False,,,,
クタイ,#89583A,非承認国家,公国,,,ボルネオ,東ボルネオ,False,,,,
フィジー,#9FADDB,分権型国家,公国,,,メラネシア,フィジー,False,,,,
サハリン,#3666BE,分権型国家,公国,,,"アイヌ, シベリア",サハリン,False,,,,
ミクロネシア,#F8DA63,分権型国家,公国,,,ミクロネシア,東ミクロネシア,False,,,,
バヌアツ,#25D632,分権型国家,公国,,,メラネシア,バヌアツ,False,,,,
ナウル,#E78311,分権型国家,公国,,,メラネシア,ナウル,False,,,,
タヒチ,#B03E88,非承認国家,公国,,プロテスタント,ポリネシア,タヒチ,False,,,,
アオテアロア,#2F8CBF,非承認国家,王国,,,マオリ,北島,False,,,,
ウルル,#703610,分権型国家,公国,,,アボリジニ,ノーザンテリトリー,False,,,,
ニュー・サウス・ウェールズ,#72A5CB,植民地国家,公国,,,オーストラリア,ニューサウスウェールズ,False,,,,
西オーストラリア,#767361,植民地国家,公国,,,オーストラリア,西オーストラリア,False,,,,
南オーストラリア,#AA5A80,植民地国家,公国,,,オーストラリア,南オーストラリア,False,,,,
部族連合,#AAA797,非承認国家,公国,,プロテスタント,マオリ,北島,False,,,,
ヌーンガル,#D1A06B,分権型国家,公国,,,アボリジニ,西オーストラリア,False,,,,
ガウナ,#F5D486,非承認国家,公国,,,アボリジニ,南オーストラリア,False,,,,
カミラロイ,#5BBF53,分権型国家,公国,,,アボリジニ,ニューサウスウェールズ,False,,,,
オーストラリア,#4D8B6A,植民地国家,王国,,,オーストラリア,ニューサウスウェールズ,False,,,,
ニュージーランド,#5AFA7F,植民地国家,公国,,,オーストラリア,北島,False,,,,
タスマニア,#E0C298,植民地国家,公国,,,オーストラリア,ヴィクトリア,False,,,,
東インド諸島,#145050,植民地国家,公国,,,オランダ,西ジャワ,False,,,,
シアク,#15C444,非承認国家,公国,,,スマトラ,北スマトラ,False,,,,
ポンティアナック,#FF6666,非承認国家,公国,,,ボルネオ,西ボルネオ,False,,,,
サンバス,#6666FF,非承認国家,公国,,,ボルネオ,西ボルネオ,False,,,,
ジャンビ,#DFE4C0,非承認国家,公国,,,スマトラ,北スマトラ,False,,,,
ジョクジャカルタ,#C91C36,非承認国家,公国,,,ジャワ,中央ジャワ,False,,,,
スラカルタ,#EF3340,非承認国家,公国,,,ジャワ,中央ジャワ,False,,,,
ブトゥン,#D1CB1F,非承認国家,公国,,,モルッカ,セレベス,False,,,,
セランゴール,#F9D73D,非承認国家,公国,,,マレー,マラヤ,False,,,,
ペラ,#4C7A75,非承認国家,公国,,,マレー,マラヤ,False,,,,
スールー,#59A490,非承認国家,公国,,,モロ,ミンダナオ,False,,,,
スラウェシ,#990000,分権型国家,公国,,,モルッカ,セレベス,False,,,,
ティドレ,#B0E840,非承認国家,公国,,,モルッカ,モルッカ,False,,,,
シンタン,#FFFF00,非承認国家,公国,,,ボルネオ,西ボルネオ,False,,,,
バンジャール,#ABAF28,非承認国家,公国,,,ボルネオ,東ボルネオ,False,,,,
インドネシア,#008080,承認国,帝国,,,"バリ, バタク, ボルネオ, ダヤク, ジャワ, マレー, モルッカ, スマトラ",西ジャワ,False,,,,
マギンダナオ,#77201D,非承認国家,公国,,,モロ,ミンダナオ,False,,,,
台湾原住民,#612C60,非承認国家,公国,,,台湾原住民,台湾,False,,,,
ポリネシア,#F48C1E,非承認国家,帝国,,,"ハワイ, マオリ, メラネシア, ポリネシア, ミクロネシア, 台湾原住民",ハワイ諸島,False,,,,
ワティ,#367010,分権型国家,公国,,,アボリジニ,西オーストラリア,False,,,,
ミルニング,#0371D3,分権型国家,公国,,,アボリジニ,西オーストラリア,False,,,,
ミンダナオ,#FFFFCC,分権型国家,公国,,,ルマッド,ミンダナオ,False,,,,
