Tag,Create States,Homelands,Claims
ミンスク,c:RUS(26),"ロシア, 白ロシア",
ルイジアナ,c:USA(28),"ディキシー, アフリカ系アメリカ, ケイジャン, アフリカ系アンティル",
ニューヨーク,c:USA(35),"ヤンキー, イロコイ",
ヴァージニア,c:USA(28),ディキシー,
下エジプト,c:EGY(12),ミスル,
ホームカウンティー,c:GBR(9),イングランド,
ランカシャー,c:GBR(8),イングランド,
プロヴァンス,"c:SAR(1), c:FRA(8)","フランス, オック",
ノルマンディー,c:FRA(11),フランス,
下アンダルシア,c:SPA(12),スペイン,
ホランド,c:NET(4),オランダ,
バルーチスターン,"c:OMA(1), c:KAL(39), c:MAK(17), c:KAN(9)","バローチ, パシュトゥーン",東インド
東ベンガル,c:BIC(30),ベンガル,
ドブロジャ,"c:TUR(7), c:RUS(1)","ブルガリア, ルーマニア, トルコ",
バスラ,c:TUR(17),"マシュリク, ベドウィン",
東トラキア,c:TUR(7),"ギリシャ, トルコ",
メコン,"c:DAI(15), c:DGR(12)","ベトナム, クメール, チャンパ",ベトナム
山東,c:CHI(40),漢,
蘇州,c:CHI(7),漢,
ロストフ,c:RUS(53),"ウクライナ, ロシア",
ヴェネツィア,c:AUS(10),北イタリア,
ポメラニア,c:PRU(18),北ドイツ,
イングリア,c:RUS(30),ロシア,
アラスカ,"c:ALK(287), c:ATB(744)","イヌイット, セイリッシュ, アサバスカ",アラスカ
南コロンビア,c:ORG(60),"ネズ・パース, セイリッシュ",
オレゴン,c:ORG(78),"セイリッシュ, ネズ・パース",
アイダホ,"c:ORG(6), c:BNN(38), c:NZP(30)","ネズ・パース, パイユート",オレゴン
コロラド,"c:MEX(14), c:ARP(26), c:UTE(24), c:USA(9)","スー, パイユート",
ワイオミング,"c:USA(23), c:LKT(13), c:ARP(12), c:BNN(14), c:SLS(2), c:ABS(7)","スー, パイユート",アメリカ
モンタナ,"c:USA(41), c:SLS(44), c:ABS(32), c:LKT(4), c:BLF(10)","ダコタ, スー, セイリッシュ",アメリカ
ノースダコタ,"c:USA(34), c:LKT(29)",ダコタ,アメリカ
サウスダコタ,"c:LKT(54), c:USA(4)",ダコタ,アメリカ
ネブラスカ,"c:USA(10), c:LKT(24), c:PWN(29)",ダコタ,アメリカ
カンザス,"c:USA(34), c:PWN(13), c:COM(8)",スー,アメリカ
オクラホマ,"c:SEQ(32), c:COM(16)","チェロキー, スー",
アーカンソー,c:USA(36),"ディキシー, チェロキー, ケイジャン",
ミズーリ,c:USA(44),"ディキシー, ヤンキー, ケイジャン",
アイオワ,c:USA(47),"ヤンキー, ダコタ",
ミネソタ,"c:USA(40), c:LKT(32)","ヤンキー, ダコタ, アルゴンキン",アメリカ
ウィスコンシン,c:USA(47),"ヤンキー, ダコタ, アルゴンキン",
インディアナ,c:USA(25),ヤンキー,
ミシガン,c:USA(50),"ヤンキー, アルゴンキン",
オハイオ,c:USA(29),ヤンキー,
ケンタッキー,c:USA(32),"ディキシー, ヤンキー",
テネシー,c:USA(30),"ディキシー, ヤンキー",
ミシシッピ,c:USA(26),"ディキシー, アフリカ系アメリカ",
アラバマ,c:USA(29),"ディキシー, アフリカ系アメリカ, カド",
フロリダ,"c:USA(30), c:SML(5)","ディキシー, アフリカ系アメリカ, マスコギ",アメリカ
ジョージア,c:USA(37),"ディキシー, アフリカ系アメリカ",
コロンビア特別区,c:USA(2),"ディキシー, ヤンキー",
ウェストヴァージニア,c:USA(19),"ディキシー, ヤンキー",
メリーランド,c:USA(9),"ディキシー, ヤンキー",
デラウェア,c:USA(2),"ディキシー, ヤンキー",
ペンシルベニア,c:USA(34),ヤンキー,
ニュージャージー,c:USA(5),ヤンキー,
イリノイ,c:USA(42),ヤンキー,
コネチカット,c:USA(3),ヤンキー,
ロードアイランド,c:USA(3),ヤンキー,
マサチューセッツ,c:USA(6),ヤンキー,
バーモント,c:USA(6),ヤンキー,
ニューハンプシャー,c:USA(9),ヤンキー,
メイン,c:USA(27),ヤンキー,
ノースカロライナ,c:USA(32),ディキシー,
テキサス,"c:TEX(81), c:MEX(39), c:COM(39)","ディキシー, アフリカ系アメリカ, メキシコ, コマンチェ","メキシコ, テキサス"
ユーコン準州,"c:ATB(312), c:HBC(73)","イギリス系カナダ, アサバスカ",ハドソン湾会社
ノースウェスト準州,c:HBC(923),"イギリス系カナダ, アサバスカ",
ヌナブト,c:HBC(1085),"イヌイット, イギリス系カナダ",
北コロンビア,"c:ORG(209), c:ATB(143), c:HBC(62)","イギリス系カナダ, アサバスカ, セイリッシュ",オレゴン
アルバータ,"c:HBC(222), c:IRC(26), c:BLF(48)","クリー, メティス, イギリス系カナダ, アサバスカ",ハドソン湾会社
サスカチュワン,"c:HBC(206), c:IRC(60)","クリー, メティス, イギリス系カナダ, アサバスカ",ハドソン湾会社
マニトバ,"c:HBC(259), c:IRC(8)","メティス, イギリス系カナダ",
オンタリオ,"c:HBC(277), c:ONT(94)","イギリス系カナダ, イロコイ, アルゴンキン",
ケベック,"c:QUE(220), c:HBC(420)",フランス・カナダ,
ニューファンドランド,c:GBR(154),イギリス系カナダ,
グアテマラ,"c:UCA(22), c:GBR(3)","マヤ, 中央アメリカ",
ホンジュラス,c:UCA(23),中央アメリカ,
ニカラグア,"c:UCA(19), c:MKT(4)","中央アメリカ, ミスキート",
コスタリカ,c:UCA(11),中央アメリカ,
パナマ,c:CLM(14),"中央アメリカ, アフリカ系カリベニョ",
西キューバ,c:CUB(6),カリベニョ,
東キューバ,c:CUB(6),カリベニョ,
中央キューバ,c:CUB(10),カリベニョ,
ウルグアイ,c:URU(44),プラティニア,
エクアドル,c:ECU(49),"北アンデス, ケチュア",
サント・ドミンゴ,c:HAI(8),"アフリカ系カリベニョ, カリベニョ",
ハイチ,c:HAI(7),アフリカ系アンティル,
ゴットランド,c:SWE(2),スウェーデン,
イェータランド,c:SWE(27),スウェーデン,
スコーネ,c:SWE(10),スウェーデン,
ノールランド,c:SWE(186),"スウェーデン, サーミ",
スヴェアランド,c:SWE(58),スウェーデン,
シチリア,c:SIC(7),南イタリア,
イオニア諸島,c:ION(2),ギリシャ,ギリシャ
ペロポネソス,c:GRE(5),ギリシャ,
アルバニア,c:TUR(9),アルバニア,
ボスニア,c:TUR(17),"ボスニア, セルビア, クロアチア",
南トランシルヴァニア,c:TRS(9),"ハンガリー, ゼクラー, ルーマニア",
ハワイ諸島,c:HAW(3),ハワイ,
北トランシルヴァニア,c:TRS(12),"ハンガリー, ゼクラー, ルーマニア",
ブコヴィナ,c:AUS(5),"ウクライナ, ルーマニア",
モルダヴィア,c:MOL(14),ルーマニア,
ワラキア,c:WAL(24),ルーマニア,
ガリシア,c:SPA(8),"スペイン, ガリシア",
アストゥリアス,c:SPA(4),"スペイン, アストゥリアス・レオン",
旧カスティーリャ,c:SPA(22),スペイン,
アラゴン,"c:SPA(8), c:SPC(3)","スペイン, アラゴン",
バスク州,c:SPC(5),"スペイン, バスク",
カタルーニャ,"c:SPA(6), c:SPC(5)","スペイン, カタルーニャ",
バレアレス諸島,c:SPA(2),"スペイン, カタルーニャ",
ニューサウスウェールズ,c:NSW(196),"オーストラリア, アボリジニ",
ヴィクトリア,c:NSW(62),"オーストラリア, アボリジニ",
タスマニア,c:TAS(21),"オーストラリア, アボリジニ",
クイーンズランド,c:NSW(367),"オーストラリア, アボリジニ",
南オーストラリア,"c:SAS(288), c:WTI(56), c:KAU(33)","オーストラリア, アボリジニ",南オーストラリア
西オーストラリア,"c:WAS(205), c:NNG(66), c:WTI(255), c:MRN(23)","オーストラリア, アボリジニ",西オーストラリア
ノーザンテリトリー,"c:WTI(54), c:NSW(238)","オーストラリア, アボリジニ",ニュー・サウス・ウェールズ
北島,"c:UNT(22), c:NSW(12), c:NTO(1)","オーストラリア, マオリ","西オーストラリア, 部族連合"
南島,"c:NTO(6), c:NTU(41)","オーストラリア, マオリ","ニュー・サウス・ウェールズ, 部族連合"
東ミクロネシア,c:MCR(6),ミクロネシア,
西ミクロネシア,"c:MCR(2), c:PHI(2)",ミクロネシア,
西ジャワ,c:DEI(8),ジャワ,
東ジャワ,c:DEI(10),ジャワ,
中央ジャワ,"c:DEI(9), c:YOG(1), c:SRK(1)",ジャワ,
セイロン,"c:BCE(13), c:MLD(1), c:GBR(1)","タミル, シンハラ",
ウルガ,c:CHI(261),モンゴル,
ウリヤスタイ,c:CHI(273),モンゴル,
オマーン,c:OMA(68),ベドウィン,
休戦海岸,"c:ABU(15), c:OMA(1), c:BHN(3)",ベドウィン,
イエメン,"c:ZAI(27), c:HDJ(5), c:LAH(8), c:MAH(12), c:KAT(35)","ベドウィン, イエメン",
ヒジャーズ,c:HDJ(105),"ベドウィン, マシュリク",
チュニジア,c:TUN(39),"マグリブ, アマーズィーグ",
ギニア,"c:MDK(24), c:SSU(9), c:FTJ(16), c:POR(1), c:KBU(8)","フルベ, マンデ, ジュラ, キッシ",
ゴールドコースト,"c:DEN(1), c:SIL(1), c:NET(1), c:ASH(36)","アカン, モシ, エウェ",
トーゴ,"c:ASH(11), c:EWE(4)","エウェ, アカン, フォン, モシ",
ダホメ,"c:DAH(6), c:BRG(16)","フォン, ヨルバ, フルベ, アカン, ソンガイ",
ガボン,"c:FNG(41), c:LNG(9)","芳, 赤道バントゥー, バコンゴ",
ボツワナ,"c:TSW(66), c:LZO(5), c:SAN(58)","ツワナ, ヘレロ, コイサン, ングニ",
ザンビア,"c:LZO(86), c:BMB(9)","カヴァンゴ・バントゥー, ルンダ, チェワ",
カンボジア,"c:SIA(10), c:CAM(19), c:KLO(5)","クメール, チャンパ",カンボジア
サヴォイ,c:SAR(4),"北イタリア, フランス, フランコ・プロヴァンサル",
穀物海岸,"c:LIB(4), c:MDK(9), c:KRU(3)","マンデ, クル, バサ, キッシ, アフリカ系アメリカ",リベリア
エミリア,"c:PAR(2), c:LUC(1), c:MOD(2)",北イタリア,
トスカーナ,c:TUS(6),北イタリア,
ロマーニャ,c:PAP(4),北イタリア,
ラツィオ,c:PAP(4),南イタリア,
ネバダ,"c:MEX(74), c:BNN(7)",パイユート,
アリゾナ,"c:MEX(43), c:NVJ(18), c:APC(16)","ナバホ, アパッチ, プエブロ",メキシコ
ニューメキシコ,"c:MEX(62), c:NVJ(8), c:COM(12), c:APC(8)","ナバホ, メキシコ, プエブロ, コマンチェ, アパッチ","テキサス, メキシコ"
カリフォルニア,c:MEX(110),ホカ,
ソノラ,c:MEX(34),"メキシコ, オオダム",
チワワ,c:MEX(62),"メキシコ, オオダム, アパッチ",
リオ・グランデ,c:MEX(66),メキシコ,
ドゥランゴ,c:MEX(26),メキシコ,
シナロア,c:MEX(9),メキシコ,
バヒオ,c:MEX(22),"ナワ, メキシコ",
ユカタン,c:MEX(28),"メキシコ, マヤ",
メキシコ,c:MEX(16),"メキシコ, ナワ, サポテカ, ミシュテカ",
ベラクルス,c:MEX(18),"メキシコ, ナワ",
ゲレーロ,c:MEX(13),"メキシコ, ナワ, サポテカ",
オアハカ,c:MEX(20),"メキシコ, サポテカ, ミシュテカ",
ハリスコ,c:MEX(35),メキシコ,
サカテカス,c:MEX(19),"メキシコ, ナワ",
ガイアナ,"c:NET(29), c:FRA(13), c:GBR(36)","アマゾン, アフリカ系アンティル, アフリカ系カリブ",
スリア,c:VNZ(23),"北アンデス, アフリカ系カリベニョ, グアヒロ, カリブ",
ミランダ,c:VNZ(49),"北アンデス, アフリカ系カリベニョ, カリブ",
ボリバル,c:VNZ(95),"北アンデス, アフリカ系カリベニョ, アマゾン, カリブ",
アンティオキア,c:CLM(57),"北アンデス, アフリカ系カリベニョ, グアヒロ, カリブ",
グアビアーレ,c:CLM(124),"北アンデス, アフリカ系カリベニョ, アマゾン",
クンディナマルカ,c:CLM(17),"北アンデス, アフリカ系カリベニョ, ムイスカ",
カウカ,c:CLM(19),"北アンデス, アフリカ系カリベニョ, ケチュア",
パスタサ,"c:NPU(22), c:ECU(51)",アマゾン,
カハマルカ,c:NPU(34),"南アンデス, ケチュア",
リマ,c:NPU(56),"南アンデス, ケチュア",
イカ,"c:SPU(40), c:IQU(17)","南アンデス, ケチュア",
アレキパ,c:SPU(24),"南アンデス, ケチュア, アイマラ",
パラー,c:PRA(257),"ブラジル, アマゾニック, アマゾン, アフリカ系ブラジル",ブラジル
マラニョン,c:BRZ(57),"ブラジル, アマゾニック, ノルデスティーノ, アフリカ系ブラジル, トゥピナンバ",
アマゾナス,"c:CLM(35), c:PRA(255), c:BOL(46)",アマゾン,ブラジル
アクレ,c:BOL(29),アマゾン,
ゴイアス,c:BRZ(116),"ブラジル, ノルデスティーノ, アフリカ系ブラジル, トゥピナンバ",ブラジル
マットグロッソ,"c:PRG(11), c:BRZ(281), c:BOL(5)","ブラジル, パウリスタ, アマゾン, グアラニー",
リオグランデ・ド・スル,c:PNI(60),"ブラジル, スリスタ, アフリカ系ブラジル, グアラニー",ブラジル
パラナ,c:BRZ(41),"ブラジル, パウリスタ, スリスタ, グアラニー",
サンタカタリーナ,c:BRZ(20),"ブラジル, スリスタ, グアラニー",
サンパウロ,c:BRZ(56),"ブラジル, パウリスタ, アフリカ系ブラジル",
ミナスジェライス,c:BRZ(118),"ブラジル, アフリカ系ブラジル",
リオデジャネイロ,c:BRZ(16),"ブラジル, アフリカ系ブラジル",
バイーア,c:BRZ(110),"ブラジル, ノルデスティーノ, アフリカ系ブラジル, トゥピナンバ",
リオグランデ・ド・ノルテ,c:BRZ(9),"ブラジル, ノルデスティーノ, アフリカ系ブラジル, トゥピナンバ",
セアラー,c:BRZ(28),"ブラジル, ノルデスティーノ, アフリカ系ブラジル, トゥピナンバ",
ピアウイ,c:BRZ(50),"ブラジル, ノルデスティーノ, アフリカ系ブラジル, トゥピナンバ",
ペルナンブーコ,c:BRZ(29),"ブラジル, ノルデスティーノ, アフリカ系ブラジル",
パライバ,c:BRZ(9),"ブラジル, ノルデスティーノ, アフリカ系ブラジル",
アルト・パラグアイ,c:GNI(67),"プラティニア, グアラニー",
バホ・パラグアイ,c:PRG(31),"プラティニア, グアラニー",
ブエノスアイレス,"c:ARG(25), c:PAT(56)","プラティニア, パタゴニア",アルゼンチン
パタゴニア,"c:THL(131), c:PAT(98)",パタゴニア,"アルゼンチン, チリ"
メンドーサ,"c:ARG(43), c:PAT(41)","プラティニア, パタゴニア",アルゼンチン
コルドバ,c:ARG(58),"プラティニア, パタゴニア",
サンタフェ,"c:GNI(17), c:ARG(38)",プラティニア,
コリエンテス,c:ARG(29),"プラティニア, スリスタ, グアラニー",
トゥクマン,c:ARG(69),プラティニア,
チャコ,"c:GNI(33), c:ARG(15)","プラティニア, グアラニー",
フフイ,"c:BOL(32), c:ARG(14)",プラティニア,アルゼンチン
サンタクルス,c:BOL(96),"南アンデス, グアラニー, ケチュア",
ラパス,c:BOL(89),"南アンデス, アイマラ, ケチュア, アマゾン",
ポトシ,c:BOL(31),"南アンデス, アイマラ",
サンティアゴ,c:CHL(39),南アンデス,
ロスリオス,c:CHL(31),"南アンデス, パタゴニア",
アラウカニア,"c:CHL(10), c:THL(89), c:SLK(27)",パタゴニア,"チリ, アルゼンチン"
南大西洋諸島,c:GBR(7),イングランド,
アイスランド,c:DEN(70),アイスランド,
グリーンランド,c:DEN(349),イヌイット,
西サハラ,"c:DLM(26), c:TEK(14), c:RGB(14)","アマーズィーグ, ビダン, ハラティン",モロッコ
マラケシュ,c:MOR(19),"マグリブ, アマーズィーグ",
フェズ,c:MOR(14),"マグリブ, アマーズィーグ",
アル・リーフ,"c:MOR(6), c:SPA(2)","マグリブ, アマーズィーグ",
内モロッコ,"c:MOR(62), c:TEK(9)","マグリブ, アマーズィーグ",モロッコ
オラン,"c:MAS(18), c:FRA(2)","マグリブ, アマーズィーグ",
サハラ,"c:MZB(52), c:TUA(60), c:RGB(25), c:TEK(14), c:CMB(31)","アマーズィーグ, トゥアレグ",
東サハラ,"c:AHG(112), c:TUG(27), c:AJJ(39), c:CMB(73), c:ADG(21)","トゥアレグ, アマーズィーグ",
アルジェ,"c:MAS(23), c:FRA(1)","マグリブ, アマーズィーグ",
コンスタンティーヌ,"c:CON(24), c:FRA(2), c:AIT(8)","マグリブ, アマーズィーグ",
トリポリ,"c:TRI(17), c:FZN(50), c:ZWY(5)","マグリブ, ベドウィン, アマーズィーグ","トリポリ, フェザーン"
フェザーン,"c:FZN(30), c:AJJ(33), c:TBI(42), c:ZWY(23)","トゥブ, トゥアレグ, ベドウィン","トリポリ, フェザーン"
キレナイカ,"c:TRI(30), c:TBI(67), c:ZWY(74)","マグリブ, ベドウィン, トゥブ",トリポリ
上エジプト,c:EGY(33),"ミスル, ベドウィン, ベジャ",
エジプト砂漠,c:EGY(96),"ミスル, ベドウィン",
中央エジプト,c:EGY(15),ミスル,
マトルー,c:EGY(47),"ミスル, ベドウィン, アマーズィーグ",
シナイ,c:EGY(13),ミスル,
ドンゴラ,c:EGY(134),"ベドウィン, スーダン, ベジャ",
コルドファン,c:EGY(81),"ベドウィン, スーダン, ディンカ, ヌバ",
ダルフール,c:DFR(96),"フール, ディンカ",
青ナイル,c:EGY(72),"ベドウィン, スーダン, ディンカ, ヌエル, ヌバ",
沿海州,"c:NBS(22), c:NVS(18)","イギリス系カナダ, フランス・カナダ",
北アンゴラ,"c:POR(3), c:KON(19)","バコンゴ, カヴァンゴ・バントゥー",
南アンゴラ,"c:HRO(8), c:POR(6), c:OVM(35), c:OVB(11)","オヴィンブンド, カヴァンゴ・バントゥー",ポルトガル
東アンゴラ,"c:CHK(90), c:LND(21), c:KSN(30), c:LZO(5)","オヴィンブンド, ルンダ, カヴァンゴ・バントゥー",
インド洋地域,"c:FRA(1), c:GBR(2)",,
ロウレンソ・マルケス,"c:POR(1), c:GZA(41)","トンガ, ングニ, ショナ",
モザンビーク,"c:POR(8), c:MRV(60), c:TGI(3), c:AGC(7)","マクア, セナ, チェワ, ヤオ, ロムウェ, 湖水バントゥー",
ザンベジア,"c:POR(16), c:MSK(10), c:MNC(10), c:GZA(5), c:MTP(3)","セナ, ショナ, 湖水バントゥー",
東ケープ,"c:SAF(21), c:XHO(17)","コサ, コイサン",南アフリカ
ケープ植民地,"c:SAF(27), c:NAM(16)","ボーア, ソト, コイサン",南アフリカ
北ケープ,"c:SAF(40), c:TSW(18), c:WBL(8), c:SAN(18)","ボーア, グリカ, ソト, コイサン, ツワナ",
ウェールズ,c:GBR(9),"イングランド, ウェールズ",
ヨークシャー,c:GBR(9),イングランド,
ハイランド,c:GBR(19),"スコットランド, ゲール",
ミッドランド,c:GBR(11),イングランド,
イーストアングリア,c:GBR(9),イングランド,
ウェストカントリー,c:GBR(11),イングランド,
ローランド,c:GBR(16),"スコットランド, ゲール",
アルスター,c:GBR(8),"アイルランド, イングランド, スコットランド",
マンスター,c:GBR(10),アイルランド,
レンスター,c:GBR(9),アイルランド,
ラングドック,c:FRA(13),"フランス, オック",
ローヌ,c:FRA(11),"フランス, オック, フランコ・プロヴァンサル",
フランス低地諸国,c:FRA(6),"フランス, フランドル",
ピカルディー,c:FRA(6),フランス,
アルザス＝ロレーヌ,c:FRA(4),"フランス, 南ドイツ, アレマン",
ポワトゥー＝サントンジュ,c:FRA(8),フランス,
ギュイエンヌ,c:FRA(12),"フランス, オック",
オーベルジュ＝リムーザン,c:FRA(13),"フランス, オック",
ブルターニュ,c:FRA(14),"フランス, ブルトン",
ブルゴーニュ,c:FRA(12),フランス,
シャンパーニュ,c:FRA(10),フランス,
フランシュ＝コンテ,c:FRA(6),フランス,
ロレーヌ,c:FRA(6),フランス,
アキテーヌ,c:FRA(12),"フランス, オック",
メーヌ＝アンジュー,c:FRA(9),フランス,
オルレアン＝ベリー,c:FRA(13),フランス,
イル＝ド＝フランス,c:FRA(4),フランス,
エルベ,"c:BRE(2), c:HAM(2), c:HAN(5)",北ドイツ,
ベイラ,c:POR(6),ポルトガル,
エストレマドゥーラ,c:POR(4),ポルトガル,
アレンテージョ,c:POR(9),ポルトガル,
マデイラ,c:POR(2),ポルトガル,
カーボベルデ,c:POR(4),アフリカ系ブラジル,
アゾレス,c:POR(3),ポルトガル,
カナリア諸島,c:SPA(5),スペイン,
上アンダルシア,"c:SPA(12), c:GBR(1)",スペイン,
エストレマドゥーラ,c:SPA(12),"スペイン, アストゥリアス・レオン",
バレンシア,c:SPA(7),"カタルーニャ, スペイン",
新カスティーリャ,c:SPA(18),スペイン,
ムルシア,c:SPA(8),スペイン,
レオン,c:SPA(10),"スペイン, アストゥリアス・レオン",
エントレ・ドウロ・エ・ミーニョ,c:POR(6),ポルトガル,
ワロン,"c:LUX(1), c:BEL(7)",ワロン,オランダ
フランドル,c:BEL(6),フランドル,オランダ
フリースラント,c:NET(5),オランダ,
ヘルレ,"c:NET(4), c:BEL(1)",オランダ,オランダ
ユトランド,c:DEN(12),デンマーク,
シェラン,c:DEN(5),デンマーク,
西ノルウェー,c:NOR(51),ノルウェー,
北ノルウェー,c:NOR(133),"ノルウェー, サーミ",
東ノルウェー,c:NOR(40),ノルウェー,
東スイス,c:SWI(5),アレマン,
西スイス,c:SWI(10),"アレマン, フランコ・プロヴァンサル",
ポルトリコ,c:PCO(2),"カリベニョ, アフリカ系カリベニョ",
バハマ,c:GBR(4),"アフリカ系アンティル, アフリカ系カリブ",
バミューダ,c:GBR(2),アフリカ系カリブ,
西インド諸島,"c:FRA(2), c:DEN(1), c:GBR(11), c:NET(3), c:VNZ(1)","アフリカ系アンティル, アフリカ系カリブ",
ジャマイカ,c:GBR(3),アフリカ系カリブ,
オリッサ,"c:BIC(6), c:MYB(6), c:PTN(8), c:NAR(3)",オリア,
シンド,c:SIN(32),シンド,東インド
ラージプーターナー,"c:BIK(13), c:JAS(9), c:MEW(8), c:JOD(22), c:JAI(10), c:BIC(1), c:ALW(4), c:KOT(3), c:GWA(1), c:IND(1)",ラージプート,
北サーカーズ,"c:BIC(17), c:JEY(7)",テルグ,
パンジャーブ,"c:PAN(42), c:BHW(10)",パンジャーブ,東インド
中央州,"c:HYD(9), c:NAG(25), c:BAS(10), c:BIC(21)","マラーター, チャッティースガリー, ゴーンディー, ダッキニー, バゲーリー, ブンデールカンド",
マイソール,"c:MYS(14), c:BIC(2)","カンナダ, ダッキニー",
マラバル,"c:TRA(5), c:BIC(3), c:COC(1)",マラヤーラム,
カルナティック,"c:FRA(1), c:DEN(1), c:BIC(23), c:PUD(1)","タミル, カンナダ",
カシミール,"c:KAS(10), c:CHT(10), c:LAD(27)","カシミール, チベット","東インド, カシミール"
ハイデラバード,c:HYD(45),"テルグ, ダッキニー, マラーター, カンナダ",
グジャラート,"c:BER(8), c:KUT(7), c:POR(2), c:DHA(2), c:IDA(5), c:NAW(6), c:PLP(1), c:BIC(6), c:JUN(3), c:BHV(3)","グジャラート, シンド",
マールワー,"c:IND(9), c:GWA(19), c:BHO(2)","マラーター, ブンデールカンド",
ボンベイ,"c:POR(1), c:BIC(25), c:SAT(10), c:KHP(3)","マラーター, カンナダ, ダッキニー",
ビハール,c:BIC(39),ビハール,
西ベンガル,"c:BIC(16), c:COO(1)",ベンガル,
アッサム,"c:BIC(9), c:ASM(6), c:NGA(11), c:MNP(5), c:TIP(3), c:KKI(4), c:MGH(5)","アッサム, ベンガル, マニプル, ナガ",東インド
アウド,"c:AWA(15), c:BIC(13)",アワディー,
デリー,"c:BIC(9), c:MUG(1), c:PTA(1)",ヒンドゥスターン,
テナセリム,"c:BIC(12), c:SIA(17)","ビルマ, カレン, タイ, マレー",
サガイン,c:BUR(41),"ビルマ, カチン, シャン",
シャン,"c:BUR(15), c:SHS(21)","カチン, シャン",
マンダレー,"c:BUR(15), c:KKI(8)","ビルマ, カチン",
ペグー,"c:BUR(19), c:BIC(1), c:DEN(1)","カレン, モン, ビルマ",
北スマトラ,"c:DEI(19), c:SAK(10), c:JMB(8)","スマトラ, バタク",
南スマトラ,c:DEI(30),"スマトラ, バタク",
アチェ,"c:ACE(11), c:SAK(6), c:DEI(4)",スマトラ,
西ニューギニア,"c:PPU(41), c:TID(34)",メラネシア,
モルッカ,"c:DEI(10), c:TID(6)",モルッカ,
セレベス,"c:SLW(26), c:DEI(5), c:BTN(2), c:TID(1)",モルッカ,東インド諸島
西ボルネオ,"c:LAN(3), c:DEI(12), c:SMB(3), c:PON(9), c:STG(11)","ボルネオ, ダヤク",
東ボルネオ,"c:DEI(6), c:BLG(15), c:BNJ(21), c:KTI(21)","ボルネオ, ダヤク",
スンダ列島,"c:BAL(2), c:POR(6), c:DEI(8)","モルッカ, バリ",
マラヤ,"c:JOH(9), c:SIA(3), c:BIC(3), c:PRK(5), c:SEL(3)",マレー,
北ボルネオ,"c:BRU(30), c:SUL(7), c:BLG(2)","ボルネオ, ダヤク",
ミンダナオ,"c:PHI(3), c:SUL(2), c:MND(11), c:MGD(5)","フィリピン・メスティーソ, ビサヤ, ルマッド, モロ","フィリピン, マギンダナオ, スールー"
ルソン,"c:PHI(24), c:SUL(1)","フィリピン・メスティーソ, タガログ, イロカノ",
ビサヤ,c:PHI(15),"フィリピン・メスティーソ, ビサヤ",
アッティカ,c:GRE(8),ギリシャ,
スコピア,c:TUR(7),"ギリシャ, ブルガリア, トルコ, アルバニア",
マケドニア,c:TUR(9),"ギリシャ, トルコ",
テッサリア,c:TUR(6),ギリシャ,ギリシャ
西トラキア,c:TUR(7),"ギリシャ, トルコ, ブルガリア",
北トラキア,c:TUR(11),"トルコ, ブルガリア",
ブルガリア,c:TUR(16),"トルコ, ブルガリア",
南マダガスカル,c:MAD(62),マダガスカル,
北マダガスカル,c:MAD(60),マダガスカル,
オロミア,"c:HAR(35), c:SHW(12), c:ARS(5), c:OGD(35)","オロモ, アムハラ, ソマリ",
アムハラ,"c:WLG(12), c:HDY(4), c:BRN(19), c:KFA(10), c:ANU(9), c:OMO(8), c:SDM(4), c:WLT(2)","オロモ, アムハラ, シダマ",
ゴンダール,"c:QWR(7), c:BGM(19), c:AWS(3), c:TGR(14), c:GJM(11)","オロモ, アムハラ, ティグライ, アファル",
カゼンベ,"c:BMB(38), c:KZM(14), c:MRV(8)","ルンダ, チェワ, 湖水バントゥー",
エリトリア,"c:EGY(23), c:AWS(5)","ティグライ, アファル",
ソマリランド,"c:ISQ(20), c:WSG(18), c:GLD(46), c:MJT(40)",ソマリ,
ナマクアランド,"c:NAM(62), c:SAN(3)","コイサン, ツワナ",
ヘレロランド,"c:HRO(54), c:SAN(21), c:OVB(30)","ヘレロ, コイサン, カヴァンゴ・バントゥー",
ザンベジ,"c:MSH(60), c:MNC(6), c:MTP(14)","ショナ, ングニ, 湖水バントゥー",
ケニア,"c:KKY(6), c:SKY(22), c:MBS(3), c:WTU(2), c:OMA(7), c:MJK(6), c:ORM(8), c:AJR(12), c:AUL(10)","ソマリ, キクユ, 湖水バントゥー, スワヒリ, マサイ",
リフトバレー,"c:MSI(20), c:LUO(2), c:TRK(11)","羅, ナイル, マサイ, キクユ",
チャド,"c:WAD(39), c:TBI(125), c:BOR(11)","トゥブ, ベドウィン, フール, 赤道バントゥー",
ワッダイ,"c:WAD(58), c:BGI(20), c:BOR(3)","フール, サラ, バギルミ, 赤道バントゥー",
ルフィジ,"c:HHE(54), c:GGO(11), c:SNG(13)","ヤオ, マクア, ニャムウェジ, 湖水バントゥー, チェワ",
ザンジバル,c:OMA(15),"湖水バントゥー, スワヒリ, スクマ",
タンガニーカ,"c:NYM(42), c:MSI(18), c:SKM(12), c:KRG(6), c:RWD(4), c:BRD(3)","湖水バントゥー, ニャムウェジ, ルンディ, ルワンダ, スクマ, マサイ, 羅",
モーリタニア,"c:OUA(26), c:TRZ(23), c:FTR(6), c:DLM(5), c:ADR(6), c:BRK(9)","ビダン, ハラティン",
内モーリタニア,"c:OUA(43), c:RGB(62), c:ADR(41)","ビダン, マンデ, ハラティン",
東マリ,c:MSN(41),"バンバラ, フルベ, マンデ, セヌフォ",
西マリ,"c:SGU(22), c:KRT(20)","バンバラ, フルベ, マンデ",
ティンブクトゥ,"c:ADG(54), c:MSN(24), c:RGB(25), c:ADR(24), c:ATR(29), c:OUA(9)","トゥアレグ, ソンガイ, フルベ, マンデ",
ハウサランド,"c:SOK(31), c:BRG(7)","フルベ, ハウサ, ヨルバ, 赤道バントゥー, ソンガイ",
ベナン,c:BEN(15),"ヨルバ, ティブ, イボ, エド, フルベ",
ヨルバ州,c:OYO(12),"ヨルバ, フォン",
ニジェール・デルタ,c:IBO(16),"イボ, イビビオ, 赤道バントゥー",
外ハウサランド,"c:SOK(32), c:HAU(17), c:BOR(24)","ハウサ, カヌリ, フルベ, 赤道バントゥー, トゥアレグ, ジュラ, ソンガイ",
ニジェール,"c:AIR(82), c:TBI(54), c:DIN(27), c:AJJ(4)","ハウサ, トゥアレグ, フルベ",
ボルヌ,c:BOR(22),"カヌリ, フルベ",
ナイジェリア,c:SOK(39),"ハウサ, ティブ, 赤道バントゥー, フルベ",
東ハウサランド,c:SOK(30),"ハウサ, フルベ",
カタンガ,"c:KZM(53), c:LND(17), c:LBA(15)","ルンダ, ルバ, 河川バントゥー",
東コンゴ,"c:MNB(67), c:ZND(28), c:LGA(15), c:HMB(11), c:LBA(10)","アザンデ, ルバ, 河川バントゥー",
カサイ,"c:KBA(46), c:LBA(21)","ルバ, 河川バントゥー",
バ・コンゴ,"c:KON(16), c:YKA(34)","バコンゴ, ルンダ, 河川バントゥー",
エクアトゥール,"c:BNG(94), c:BOB(8)","モンゴ, 河川バントゥー",
ウガンダ,"c:BUG(15), c:BNY(8), c:ANK(3), c:ACH(14)","ガンダ, 湖水バントゥー, 羅",
エクアトリア,"c:DNK(41), c:NUE(18), c:DFT(32), c:TPS(14)","ヌエル, アザンデ, 羅, ディンカ, ナイル, フール, ヌバ",
ヴォルタ,"c:MOS(40), c:KNG(12)","モシ, フルベ, バンバラ, マンデ, ジュラ",
北カメルーン,"c:SOK(27), c:BMM(15)","フルベ, 赤道バントゥー",
南カメルーン,"c:SIL(1), c:POR(1), c:FNG(30), c:DLA(6)","芳, 赤道バントゥー",
ウバンギ・シャリ,"c:DAK(91), c:ZND(22)","アザンデ, サラ, 赤道バントゥー",
コンゴ,"c:BOB(41), c:LNG(17), c:TKE(10)","バコンゴ, 河川バントゥー",
象牙海岸,"c:FRA(1), c:BLE(3), c:KNG(16), c:AYI(8)","アカン, セヌフォ, ジュラ",
ウィンドワード・コースト,"c:KBD(15), c:BLE(6), c:KRU(13)","クル, マンデ, アカン, ジュラ",
セネガル,"c:FRA(6), c:JLF(8), c:CAY(2), c:FTR(3), c:SIL(2), c:SRR(7), c:BND(8), c:DIO(2), c:KBU(1), c:POR(1)","フルベ, ウォロフ, マンデ, ジュラ",
シエラレオネ,"c:TMN(6), c:SIL(1), c:MDK(5)","マンデ, アカン, キッシ, フルベ",
ズールーランド,"c:ZUL(22), c:BST(7)","ソト, ズールー",
トランスオランジア,"c:ORA(17), c:PHL(7), c:BST(6)","グリカ, ソト, ングニ, ボーア",
トランスヴァール,"c:MTB(28), c:TRN(11), c:PDI(11), c:SWZ(3), c:VND(14)","ソト, ングニ, ツワナ, ズールー, ボーア",
東ニューギニア,c:PPU(85),メラネシア,
ソロモン諸島,c:BLA(7),メラネシア,
ブーゲンビル,c:HLA(3),メラネシア,
ナウル,c:NRU(2),メラネシア,
フィジー,c:FJI(3),メラネシア,
バヌアツ,c:VNT(3),メラネシア,
カナック,c:KNK(3),メラネシア,
タヒチ,c:PLY(25),ポリネシア,
トンガ,c:TNG(4),ポリネシア,
ハーイル,"c:JAB(163), c:NEJ(17)",ベドウィン,
ナジュド,c:NEJ(178),ベドウィン,
トランスヨルダン,c:EGY(10),"マシュリク, ベドウィン",トルコ
パレスチナ,c:EGY(8),マシュリク,トルコ
レバノン,c:EGY(5),マシュリク,トルコ
シリア,c:EGY(18),マシュリク,トルコ
アレッポ,c:EGY(8),"マシュリク, トルコ, クルド",トルコ
バグダード,c:TUR(34),"マシュリク, ベドウィン",
モースル,c:TUR(18),"マシュリク, トルコ, クルド, アッシリア",
ホルムズ,"c:PER(9), c:OMA(9), c:BHN(1)","ペルシア, ベドウィン",
ケルマーン,c:PER(39),ペルシア,
バンプール,"c:MAK(39), c:KAN(5), c:OMA(1)","ペルシア, バローチ",ペルシア
ホラーサーン,c:PER(75),"ペルシア, トルクメン, クルド",
アラビスタン,c:ARB(10),"ペルシア, マシュリク, ロル",
ファールス,c:PER(34),"ペルシア, ロル",
エスファハーン,c:PER(33),ペルシア,
マーザンダラーン,c:PER(15),"マーザンダラーン, ペルシア, トルクメン",
エラクエ・アジャミ,c:PER(32),ペルシア,
セムナーン,c:PER(28),ペルシア,
タブリーズ,c:PER(27),"ペルシア, アルメニア, アゼルバイジャン",
ウルミア,c:PER(8),"ペルシア, クルド, アゼルバイジャン, アルメニア, アッシリア",
ペルシャ・クルディスタン,c:PER(11),"ペルシア, クルド",
ロレスターン,c:PER(19),"ペルシア, ロル",
アルメニア,c:RUS(7),"アルメニア, アゼルバイジャン",ペルシア
バクー,c:RUS(11),"アルメニア, アゼルバイジャン",ペルシア
エリザベトポリ,c:RUS(11),"アルメニア, アゼルバイジャン",ペルシア
チフリス,c:RUS(19),"ジョージア, アルメニア",
モンテネグロ,"c:TUR(3), c:MON(1), c:AUS(1)","セルビア, アルバニア",モンテネグロ
西セルビア,"c:SER(7), c:TUR(1)",セルビア,セルビア
東セルビア,"c:TUR(5), c:SER(4)",セルビア,セルビア
コソボ,c:TUR(4),"セルビア, アルバニア",
ヒュダヴェンディギャール,c:TUR(11),"トルコ, ギリシャ",
アイドゥン,c:TUR(12),"トルコ, ギリシャ",
コンヤ,c:TUR(44),トルコ,
カスタモヌ,c:TUR(13),トルコ,
キプロス,c:TUR(3),"トルコ, ギリシャ",
トラブゾン,c:TUR(10),"トルコ, アルメニア, ギリシャ",
エルズルム,c:TUR(27),"トルコ, アルメニア, クルド",
カルス,"c:TUR(5), c:RUS(2)","トルコ, アルメニア, クルド, ジョージア",
クレタ,c:EGY(2),"トルコ, ギリシャ",
西エーゲ海諸島,c:GRE(2),ギリシャ,
東エーゲ海諸島,c:TUR(3),"トルコ, ギリシャ",
アンカラ,c:TUR(39),トルコ,
カンダハル,c:KAN(20),"パシュトゥーン, タジク, ハザーラ",
カブリスタン,"c:KAB(23), c:KAF(5)","パシュトゥーン, タジク, ハザーラ",
ヘラート,c:HER(32),"パシュトゥーン, ペルシア",ペルシア
北バルーチスターン,c:KAN(21),"バローチ, パシュトゥーン",
南トルキスタン,"c:KUN(23), c:BUK(5), c:MAI(11)","パシュトゥーン, ウズベク, タジク, ハザーラ, トルクメン",
クエッタ,"c:KAB(11), c:KAN(3)",パシュトゥーン,東インド
ハザリスタン,"c:KAB(16), c:HER(7), c:KAN(4)","パシュトゥーン, ハザーラ, タジク",
パシュトゥーニスタン,"c:KAB(5), c:PAN(10), c:CHT(8)",パシュトゥーン,東インド
ディヤルバクル,c:TUR(26),"トルコ, アルメニア, クルド, マシュリク, アッシリア",
バンコク,c:SIA(21),タイ,
トンキン,"c:DAI(17), c:SCT(6)","ベトナム, 庄",ベトナム
アンナム,c:DAI(17),ベトナム,
ラオス,"c:LUA(18), c:SIA(7), c:CHP(9), c:DAI(10), c:SCT(3)","ラオス, クム",
チェンマイ,c:CMI(24),"タイ, シャン",
ナコーンラーチャシーマー,c:SIA(39),"タイ, ラオス",
京畿,c:KOR(12),朝鮮,
嶺南,c:KOR(7),朝鮮,
両湖,c:KOR(11),朝鮮,
関北,c:KOR(14),朝鮮,
両西,c:KOR(19),朝鮮,
サハリン,c:SKH(26),"シベリア, アイヌ",ロシア
北海道,"c:AIN(25), c:JAP(3)","日本, アイヌ",日本
東北,c:JAP(20),日本,
関東,c:JAP(10),日本,
中部,c:JAP(18),日本,
関西,c:JAP(11),日本,
九州,c:JAP(14),日本,
琉球諸島,c:JAP(2),日本,
中国,c:JAP(8),日本,
四国,c:JAP(5),日本,
ラサ,c:TIB(110),チベット,
ガリ,c:TIB(152),チベット,
西ヒマラヤ,c:NEP(33),"チベット, ネパール",
ジュンガリア,c:CHI(238),"ウイグル, モンゴル",
タリム盆地,c:CHI(236),ウイグル,
四川,c:CHI(104),"漢, チベット, 李",
雲南,c:CHI(83),"漢, 李, 庄",
貴州,c:CHI(47),"漢, 李, 庄",
広東東部,c:CHI(23),"粤, 漢, 客家",
アルシャー,c:CHI(79),モンゴル,
内モンゴル,c:CHI(187),モンゴル,
広西,c:CHI(61),"粤, 漢, 庄",
北京,c:CHI(66),漢,
盛京,c:CHI(32),"漢, 満州",
北吉林,c:CHI(106),"満州, シベリア",
南吉林,c:CHI(106),満州,
南黒竜江,c:CHI(204),満州,
山西,c:CHI(41),漢,
寧夏,c:CHI(54),漢,
甘粛,c:CHI(69),"漢, モンゴル",
西安,c:CHI(46),"漢, モンゴル",
青海,c:CHI(161),"モンゴル, チベット",
重慶,c:CHI(40),漢,
広東西部,"c:CHI(25), c:POR(1)","粤, ビン, 漢, ミャオ",
福建,c:CHI(31),"漢, ビン, 客家",
浙江,c:CHI(27),漢,
南京,c:CHI(7),漢,
江蘇,c:CHI(15),漢,
河南,c:CHI(33),漢,
河北,c:CHI(28),漢,
江西,c:CHI(37),"漢, 客家",
南安徽,c:CHI(17),漢,
北安徽,c:CHI(23),漢,
西湖北,c:CHI(29),漢,
東湖北,c:CHI(16),漢,
湖南,c:CHI(35),漢,
台湾,c:CHI(8),"漢, ビン, 台湾原住民",
ウーシマー,c:FIN(30),"フィンランド, スウェーデン",スウェーデン
オーランド,c:FIN(2),スウェーデン,スウェーデン
西カレリア,c:FIN(19),フィンランド,スウェーデン
ポフヤンマー,c:FIN(27),"フィンランド, スウェーデン",スウェーデン
クオピオ,c:FIN(32),フィンランド,
オウル,c:FIN(134),"フィンランド, サーミ, スウェーデン",スウェーデン
タリン,c:UBD(12),"東ドイツ, エストニア",
北リボニア,c:UBD(10),"東ドイツ, エストニア",
南リボニア,"c:RUS(6), c:UBD(12)","東ドイツ, ラトビア",
クールラント,c:UBD(13),"東ドイツ, ラトビア",
リトアニア,c:RUS(23),リトアニア,
ヴィルニュス,c:RUS(3),リトアニア,
チュクチ,c:RUS(474),"イヌイット, シベリア",
ネネツ,c:RUS(382),"ロシア, ウゴル",
東カレリア,c:RUS(111),"ロシア, カレリア, フィンランド",
コラ,c:RUS(110),"ロシア, サーミ, フィンランド",
アルハンゲリスク,c:RUS(81),"ロシア, ウゴル",
サラトフ,c:RUS(46),"東ドイツ, ロシア, タタール",
ホラスミア,"c:KHI(23), c:KZH(13), c:TRM(5)","ウズベク, カザフ",
ウズベキスタン,c:BUK(66),"ウズベク, カザフ",
タジキスタン,"c:KOK(25), c:BUK(10)","ウズベク, タジク",
キルギス,"c:KOK(30), c:CHI(27)","ウズベク, キルギス",
ウラリスク,"c:RUS(52), c:KZH(75), c:TRM(26)",カザフ,
トルクメン,"c:TRM(81), c:KHI(10)","ウズベク, トルクメン",
セミパラチンスク,c:OZH(144),"カザフ, キルギス",
イリ,c:CHI(121),"カザフ, ウイグル, キルギス",
アクモリンスク,"c:OZH(164), c:RUS(48)","カザフ, ウズベク",
カムチャツカ,c:RUS(257),シベリア,
オホーツク,c:RUS(336),"シベリア, ロシア",
ヤクーツク,c:RUS(1207),"ロシア, ヤクート",
チタ,c:RUS(202),"ロシア, ブリヤート",
イルクーツク,c:RUS(350),"ロシア, ブリヤート",
トムスク,c:RUS(301),"シベリア, ロシア",
トゥバ,c:CHI(68),トゥバ,
トボリスク,c:RUS(155),"ロシア, シベリア, ウゴル",
上エニセイスク,c:RUS(1559),"ロシア, シベリア",
オビ,c:RUS(488),ウゴル,
ウラル,c:RUS(123),"ロシア, ウゴル",
サマーラ,"c:RUS(66), c:KZH(10)","ロシア, タタール",
カザン,c:RUS(38),"ロシア, タタール",
ペルミ,c:RUS(90),"ロシア, ウゴル",
ヴォログダ,c:RUS(282),ロシア,
ノヴゴロド,c:RUS(70),ロシア,
モスクワ,c:RUS(12),ロシア,
ダゲスタン,"c:RUS(7), c:CHC(6)",北カフカース,"チェチェン, ロシア"
クバーニ,"c:RUS(18), c:CIR(13)",チェルケス,"チェルケス, ロシア"
スタヴロポリ,c:RUS(25),ロシア,ロシア
アストラハン,c:RUS(31),ロシア,
クリミア,c:RUS(9),"ロシア, タタール, ウクライナ",
ハルキウ,c:RUS(34),"ウクライナ, ロシア",
クルスク,c:RUS(37),"ウクライナ, ロシア",
トヴェリ,c:RUS(31),ロシア,
オデッサ,c:RUS(35),ウクライナ,
ベッサラビア,c:RUS(14),"ルーマニア, ウクライナ",モルダヴィア
トゥーラ,c:RUS(44),ロシア,
スモレンスク,c:RUS(25),ロシア,
マヒリョウ,c:RUS(22),"白ロシア, ロシア",
カンパニア,c:SIC(6),南イタリア,
アブルッツォ,c:SIC(5),南イタリア,
カラブリア,c:SIC(4),南イタリア,
プッリャ,c:SIC(7),南イタリア,
西ガリツィア,"c:AUS(10), c:KRA(2)",ポーランド,
東ガリツィア,c:AUS(17),"ポーランド, ウクライナ",
スロバキア,c:HUN(18),"スロバキア, ハンガリー",
ルテニア,c:HUN(5),"ウクライナ, スロバキア, ハンガリー",
ダルマチア,c:AUS(3),"クロアチア, セルビア",
クロアチア,c:CRO(8),"クロアチア, セルビア",
スラヴォニア,c:CRO(7),"クロアチア, セルビア",
パルティウム,c:HUN(6),"ハンガリー, ルーマニア",
ドゥナーントゥール,c:HUN(17),ハンガリー,
イストリア,c:AUS(6),"クロアチア, スロベニア, 北イタリア",
ロンバルディア,c:AUS(8),北イタリア,
ボヘミア,c:AUS(21),"チェコ, 南ドイツ",
モラヴィア,c:AUS(8),"チェコ, 南ドイツ",
ハンガリー大平原,c:HUN(19),ハンガリー,
シュタイアーマルク,c:AUS(8),南ドイツ,
チロル,c:AUS(9),南ドイツ,
オーストリア,c:AUS(11),南ドイツ,
南チロル,c:AUS(4),"南ドイツ, 北イタリア",
スロベニア,c:AUS(4),"南ドイツ, スロベニア",
ヴォヤヴォディナ,c:HUN(6),"ハンガリー, セルビア",セルビア
ポーゼン,c:PRU(12),"北ドイツ, ポーランド",
ヴェストファーレン,"c:PRU(6), c:LIP(1), c:SCM(1)",北ドイツ,
アンハルト,"c:PRU(9), c:ANH(2)",北ドイツ,
西プロイセン,c:PRU(9),"北ドイツ, ポーランド",
東プロイセン,c:PRU(19),"北ドイツ, ポーランド, リトアニア",
ラインラント,"c:PRU(4), c:BAV(2)",北ドイツ,
北ライン,c:PRU(6),北ドイツ,
ルール,c:PRU(4),北ドイツ,
下シレジア,c:PRU(9),"北ドイツ, ソルブ",
上シレジア,"c:PRU(8), c:AUS(3)","北ドイツ, ポーランド, チェコ",
ブランデンブルク,c:PRU(16),北ドイツ,
シュレースヴィヒ＝ホルシュタイン,"c:HOL(3), c:LUB(1), c:SCH(4)","デンマーク, 北ドイツ",
ヴュルテンベルク,"c:WUR(5), c:HOH(1)","南ドイツ, アレマン",
バーデン,c:BAD(5),"南ドイツ, アレマン",
ハノーファー,"c:OLD(3), c:HAN(8)",北ドイツ,
バイエルン,c:BAV(17),南ドイツ,
フランケン,c:BAV(8),南ドイツ,
ザクセン,"c:SAX(6), c:MEI(2), c:WEI(1), c:COB(1), c:SCW(1)","北ドイツ, ソルブ",
ブラウンシュヴァイク,"c:HAN(1), c:BRA(2), c:PRU(2)",北ドイツ,
ヘッセ,"c:FRM(1), c:HES(3), c:HEK(4), c:NAS(2), c:WLD(1)",北ドイツ,
ピエモンテ,c:SAR(12),北イタリア,
サルデーニャ,c:SAR(8),南イタリア,
タラパカ,c:SPU(13),"南アンデス, アイマラ",
アントファガスタ,c:BOL(25),"南アンデス, アイマラ",チリ
フロドナ,c:RUS(32),白ロシア,
ワルシャワ,c:RUS(24),ポーランド,
ルブリン,c:RUS(12),ポーランド,
プウォツク,c:RUS(15),ポーランド,
ヴォルィーニ,c:RUS(12),ウクライナ,
キーウ,c:RUS(44),ウクライナ,
メクレンブルク,"c:MEC(5), c:MST(2)",北ドイツ,
マルタ,c:GBR(2),マルタ,
ウンブリア,c:PAP(6),南イタリア,
バナト,c:HUN(9),"ハンガリー, ルーマニア, セルビア",
コルシカ,c:FRA(3),コルシカ,
ユタ,"c:MEX(24), c:NVJ(4), c:UTE(36)",パイユート,メキシコ
サウスカロライナ,c:USA(19),"ディキシー, アフリカ系アメリカ",
チアパス,"c:MEX(10), c:UCA(4)","メキシコ, マヤ",メキシコ
サンサルバドル,c:UCA(4),中央アメリカ,
アダナ,"c:EGY(12), c:TUR(3)","トルコ, アルメニア, クルド",トルコ
デリゾール,c:TUR(24),"マシュリク, クルド, アッシリア",
バハ・カリフォルニア,c:MEX(28),"メキシコ, オオダム",
コノート,c:GBR(8),アイルランド,
フェルガナ,c:KOK(16),"キルギス, ウズベク, タジク",
メルブ,"c:TRM(30), c:BUK(6), c:KHI(7)",トルクメン,
シルダリヤ,"c:OZH(98), c:KZH(45), c:KOK(28), c:UZH(41)","カザフ, ウズベク",
アクトベ,c:KZH(99),カザフ,
カルムイク,c:RUS(25),カルムイク,
北コーカサス,"c:RUS(16), c:CHC(4), c:CIR(6)","北カフカース, チェチェン","チェチェン, ロシア"
アレクサンドロフスク,c:RUS(26),"ロシア, ウクライナ",
チェルニヒウ,c:RUS(22),"ウクライナ, ロシア",
タンボフ,c:RUS(41),"ロシア, モルドビン",
リャザン,c:RUS(24),ロシア,
ヴィーツェプスク,c:RUS(16),白ロシア,
プスコフ,c:RUS(26),ロシア,
ヤロスラヴリ,c:RUS(51),ロシア,
ニジニ・ノヴゴロド,c:RUS(39),ロシア,
チェボクサル,c:RUS(18),"ロシア, チュヴァシ, マリ",
ヴャトカ,c:RUS(59),"ロシア, ウドムルト",
ウファ,c:RUS(55),"バシキール, ロシア",
スルグト,c:RUS(312),"ウゴル, ロシア",
クラスノヤルスク,c:RUS(136),ロシア,
アルタイ,c:CHI(54),"ロシア, モンゴル",
ブリヤーティア,c:RUS(127),"ロシア, ブリヤート",
コルィマ,c:RUS(1060),"ロシア, ヤクート",
北黒竜江,c:CHI(258),シベリア,
チェリャビンスク,"c:RUS(38), c:KZH(9), c:OZH(5)","ロシア, バシキール",
割譲地区,"c:BIC(12), c:KNO(2)","テルグ, カンナダ, ダッキニー",
ブンデールカンド,"c:BAG(9), c:BUN(4), c:SUR(7), c:JHN(4)","ブンデールカンド, バゲーリー, チャッティースガリー",
アーグラ,"c:BIC(34), c:GAR(3)","ヒンドゥスターン, パサン",
アラカン,"c:BIC(4), c:KKI(2)","ビルマ, ルシャイ",東インド
パンジャーブ丘,"c:BIC(2), c:GAR(5), c:PAN(14), c:PTA(4)","パハーリー, パンジャーブ",東インド
東ヒマラヤ,"c:SIK(1), c:TIB(19), c:BHU(9)",チベット,
